Model,RMSE,MAE,MAPE (%)
LSTM,54182.12629273026,39187.81328038245,2.3635787365527685
GRU,57869.90242948662,41763.02091255475,2.4480499976053656
Bi-LSTM,31154.815806133647,24164.009487061037,1.5358127866376583
