Model,RMSE,MAE,MAPE (%)
LSTM,145435.24122111977,115402.3666967688,6.91650511028443
GRU,58689.41268134506,43659.366722940955,2.594469346837691
Bi-LSTM,84728.20330201698,66336.08193535876,3.993891807679053
