Date,Gold_IDR_gram,USDIDR,IHSG
2015-01-02,472440.07909077755,12390.0,5242.56494140625
2015-01-05,483054.0712359541,12480.0,5219.7919921875
2015-01-06,494917.39246242633,12625.0,5168.8583984375
2015-01-07,491775.2243808034,12635.0,5206.9150390625
2015-01-08,494183.87996678427,12720.0,5211.625
2015-01-09,492991.463983153,12610.0,5216.4619140625
2015-01-12,497978.51966738823,12565.0,5187.7314453125
2015-01-13,498347.1317756392,12558.0,5214.15576171875
2015-01-14,499538.4155255777,12587.0,5159.46728515625
2015-01-15,510499.0720325009,12555.0,5188.51025390625
2015-01-16,511893.07969903527,12469.0,5148.1787109375
2015-01-19,511893.07969903527,12580.0,5151.892578125
2015-01-20,525527.5253042514,12630.0,5165.888671875
2015-01-21,522496.14309068414,12562.0,5215.06298828125
2015-01-22,521266.8957306227,12465.0,5252.978515625
2015-01-23,515527.2781887426,12405.0,5323.67724609375
2015-01-26,511003.1508767791,12423.0,5259.81884765625
2015-01-27,518573.7068266659,12487.0,5276.94384765625
2015-01-28,514715.5562542826,12450.0,5268.64697265625
2015-01-29,502388.56385689235,12455.0,5262.5126953125
2015-01-30,516686.06426929444,12570.0,5289.19775390625
2015-02-02,522321.4550908409,12730.0,5276.03076171875
2015-02-03,512125.8341526953,12645.0,5291.51171875
2015-02-04,510948.4660573142,12575.0,5315.0771484375
2015-02-05,512249.42530583375,12625.0,5279.689453125
2015-02-06,499336.0749529732,12587.0,5342.30712890625
2015-02-09,503963.4451700196,12633.0,5348.26220703125
2015-02-10,501493.84123316983,12665.0,5321.2666015625
2015-02-11,498793.1583262334,12727.0,5336.3115234375
2015-02-12,502302.96228327777,12805.0,5343.203125
2015-02-13,503557.63820791873,12770.0,5373.95556640625
2015-02-16,503557.63820791873,12677.0,5325.28759765625
2015-02-17,489982.8376876107,12615.0,5337.29345703125
2015-02-18,492631.62590599735,12772.0,5390.23974609375
2015-02-19,497145.0379300033,12810.0,5390.23974609375
2015-02-20,498937.2358279677,12885.0,5399.8935546875
2015-02-23,494460.25449337746,12813.0,5403.06640625
2015-02-24,494868.24035767175,12860.0,5417.10302734375
2015-02-25,494130.7891394859,12797.0,5444.89599609375
2015-02-26,499924.69291742815,12855.0,5451.2099609375
2015-02-27,501242.55746486405,12857.0,5450.08203125
2015-03-02,503915.3139135015,12978.0,5477.61767578125
2015-03-03,503029.5625894192,12995.0,5474.40576171875
2015-03-04,500644.0330943337,12970.0,5447.84716796875
2015-03-05,500414.38480392954,13015.0,5450.73486328125
2015-03-06,482803.8543912612,12900.0,5514.57275390625
2015-03-09,488632.8650510468,13030.0,5444.421875
2015-03-10,487597.44018631213,13073.0,5462.7158203125
2015-03-11,483535.56229416,13070.0,5419.35498046875
2015-03-12,488013.1553794501,13175.0,5439.6201171875
2015-03-13,488039.6636541481,13170.0,5426.2548828125
2015-03-16,488892.28362720687,13185.0,5435.05908203125
2015-03-17,487141.93400379724,13195.0,5438.94091796875
2015-03-18,485680.6571708168,13120.0,5412.9404296875
2015-03-19,484125.8278183123,12880.0,5453.64208984375
2015-03-20,497407.6562958399,13058.0,5442.85302734375
2015-03-23,497490.63610204635,13025.0,5436.88623046875
2015-03-24,495898.2901608365,12943.0,5447.43603515625
2015-03-25,496765.8665464322,12905.0,5405.2783203125
2015-03-26,500970.71661794244,12930.0,5368.59033203125
2015-03-27,501853.4452795957,13010.0,5396.64404296875
2015-03-30,496531.53620893497,13035.0,5438.44384765625
2015-03-31,497797.0125707128,13087.0,5518.4599609375
2015-04-01,507267.2104796033,13060.0,5466.65478515625
2015-04-02,500305.8342745164,12958.0,5456.18701171875
2015-04-03,500305.8342745164,12985.0,5456.18701171875
2015-04-06,507954.0464408082,12965.0,5479.8173828125
2015-04-07,503840.94021444407,12945.0,5523.07470703125
2015-04-08,502653.5336132351,12995.0,5486.3701171875
2015-04-09,495998.189414318,12925.0,5500.68603515625
2015-04-10,500956.50599463406,12935.0,5491.1259765625
2015-04-13,497017.3012488797,12890.0,5447.197265625
2015-04-14,500267.70739508065,13045.0,5418.89599609375
2015-04-15,501212.4841255807,12975.0,5414.33642578125
2015-04-16,496748.1473146109,12897.0,5420.52197265625
2015-04-17,495802.02591310564,12820.0,5410.43359375
2015-04-20,491160.1588245696,12800.0,5400.5927734375
2015-04-21,501603.1416609189,12970.0,5460.36083984375
2015-04-22,493214.0375054819,12925.0,5436.9072265625
2015-04-23,495370.6275802211,12900.0,5435.9970703125
2015-04-24,488541.0120614189,12930.0,5435.14306640625
2015-04-27,500686.7147405788,12942.0,5245.24169921875
2015-04-28,504553.4425386211,12927.0,5241.95361328125
2015-04-29,503119.0583565128,12935.0,5105.36376953125
2015-04-30,490963.9209512632,12915.0,5086.22705078125
2015-05-01,489269.58380889613,12957.0,5086.22705078125
2015-05-04,495080.3167985893,12975.0,5140.93701171875
2015-05-05,493338.41439292405,12860.0,5160.107421875
2015-05-06,497688.43168806616,13005.0,5184.74853515625
2015-05-07,494347.2573016049,13004.0,5150.28564453125
2015-05-08,500627.39499727846,13095.0,5182.01123046875
2015-05-11,496317.448613161,13047.0,5172.2802734375
2015-05-12,504976.66431323794,13170.0,5205.4091796875
2015-05-13,514921.7393837623,13145.0,5245.9287109375
2015-05-14,516185.99578417366,13102.0,5245.9287109375
2015-05-15,512721.446139502,13013.0,5226.892578125
2015-05-18,515025.8728779895,13047.0,5237.607421875
2015-05-19,510721.24106090603,13162.0,5269.166015625
2015-05-20,511800.7787382248,13168.0,5292.54296875
2015-05-21,503971.1388669771,13015.0,5313.0009765625
2015-05-22,507530.1827781138,13108.0,5314.94580078125
2015-05-25,507530.1827781138,13140.0,5288.15576171875
2015-05-26,502804.66689559404,13173.0,5320.693359375
2015-05-27,503931.73188485747,13217.0,5253.18359375
2015-05-28,503071.25173909037,13170.0,5237.197265625
2015-05-29,503430.5245844079,13165.0,5216.17578125
2015-06-01,504302.10891157744,13200.0,5213.61279296875
2015-06-02,506302.84302497614,13188.0,5213.61279296875
2015-06-03,500869.81715595216,13150.0,5130.29931640625
2015-06-04,499748.4952818187,13230.0,5095.62255859375
2015-06-05,498418.04453496746,13275.0,5100.373046875
2015-06-08,504984.99996106746,13388.0,5014.79736328125
2015-06-09,503797.43919180613,13310.0,4899.69140625
2015-06-10,508897.846679452,13345.0,4933.365234375
2015-06-11,500926.89962183347,13205.0,4928.62060546875
2015-06-12,501407.386499786,13230.0,4935.625
2015-06-15,507411.3893981861,13315.0,4837.60546875
2015-06-16,505546.3211535679,13320.0,4872.4091796875
2015-06-17,504546.9585636213,13340.0,4945.56005859375
2015-06-18,514925.8122076294,13330.0,4945.30615234375
2015-06-19,513380.6484800746,13290.0,4984.81201171875
2015-06-22,506536.124555039,13310.0,4959.05859375
2015-06-23,503024.15324604244,13302.0,4937.4560546875
2015-06-24,499524.158905386,13250.0,4953.3232421875
2015-06-25,500562.1553844423,13290.0,4919.8505859375
2015-06-26,501650.5867436229,13303.0,4922.8134765625
2015-06-29,504765.6051569759,13322.0,4882.38818359375
2015-06-30,501767.4216728021,13322.0,4910.466796875
2015-07-01,501448.3257511212,13342.0,4903.87158203125
2015-07-02,497977.2051376854,13318.0,4944.587890625
2015-07-03,497977.2051376854,13260.0,4982.71630859375
2015-07-06,503045.84132601134,13340.0,4916.5498046875
2015-07-07,494253.5832200104,13340.0,4905.8583984375
2015-07-08,498367.4876021915,13325.0,4871.380859375
2015-07-09,496897.937531146,13335.0,4838.095703125
2015-07-10,495149.49926662445,13303.0,4858.84521484375
2015-07-13,493151.7337810907,13278.0,4893.7265625
2015-07-14,492414.829470558,13280.0,4901.6162109375
2015-07-15,490732.40472428495,13305.0,4869.65966796875
2015-07-16,490491.5861967152,13338.0,4869.65966796875
2015-07-22,467915.80772458157,13335.0,4906.49755859375
2015-07-23,471316.73284357064,13400.0,4902.654296875
2015-07-24,468744.92170074565,13430.0,4856.40625
2015-07-27,473451.38006976707,13430.0,4771.099609375
2015-07-28,474598.6836680985,13465.0,4714.57275390625
2015-07-29,466892.22598981526,13290.0,4720.9375
2015-07-30,471003.7239736133,13460.0,4712.30908203125
2015-07-31,474943.0491550639,13492.0,4802.341796875
2015-08-03,470210.59777063,13425.0,4799.9951171875
2015-08-04,471297.6785168872,13440.0,4780.9013671875
2015-08-05,470707.9216664598,13485.0,4850.34326171875
2015-08-06,473780.5308081159,13517.0,4806.376953125
2015-08-07,473646.2511056521,13465.0,4770.11767578125
2015-08-10,478018.6262809425,13465.0,4748.7646484375
2015-08-11,479561.7493599055,13467.0,4622.4111328125
2015-08-12,491299.54299977043,13605.0,4479.31689453125
2015-08-13,493040.8419906898,13745.0,4584.0712890625
2015-08-14,489298.88385108765,13675.0,4585.21240234375
2015-08-17,493243.48273220484,13715.0,4585.21240234375
2015-08-18,496712.3527047925,13830.0,4510.302734375
2015-08-19,501530.9036732954,13828.0,4484.06787109375
2015-08-20,509635.3786551353,13748.0,4441.73828125
2015-08-21,517660.2524156684,13885.0,4335.78466796875
2015-08-24,512296.7298625644,13815.0,4163.56689453125
2015-08-25,509204.82648437127,13915.0,4228.3359375
2015-08-26,498962.4853500711,13800.0,4237.56787109375
2015-08-27,503760.1665671167,13960.0,4430.45947265625
2015-08-28,502551.61519468896,13795.0,4446.0283203125
2015-08-31,506070.2384104808,13910.0,4509.431640625
2015-09-01,512540.36736721755,14000.0,4412.28759765625
2015-09-02,509312.7783046924,13988.0,4401.1220703125
2015-09-03,507595.10389392974,14050.0,4432.93798828125
2015-09-04,506735.21168409375,14065.0,4415.1708984375
2015-09-07,506735.21168409375,14190.0,4301.1982421875
2015-09-08,514209.34455963934,14275.0,4318.42236328125
2015-09-09,501781.1921035816,14160.0,4347.107421875
2015-09-10,508314.9806291897,14250.0,4343.09228515625
2015-09-11,505033.9190123298,14235.0,4360.2978515625
2015-09-14,508202.55930112867,14270.0,4390.2021484375
2015-09-15,507372.76186700753,14310.0,4346.99072265625
2015-09-16,518156.45496085647,14400.0,4332.3447265625
2015-09-17,516450.6503127286,14377.0,4378.2138671875
2015-09-18,520503.22801967495,14225.0,4380.14892578125
2015-09-21,524701.0448458939,14403.0,4375.91162109375
2015-09-22,523373.57532110537,14470.0,4343.875
2015-09-23,530991.7418836065,14595.0,4244.26171875
2015-09-24,543078.1974647146,14640.0,4244.26171875
2015-09-25,540512.1610108188,14670.0,4209.27490234375
2015-09-28,531980.130853441,14617.0,4120.34228515625
2015-09-29,532576.3448224966,14697.0,4178.24560546875
2015-09-30,526485.4437603485,14680.0,4223.744140625
2015-10-01,521286.59763219976,14552.0,4254.71044921875
2015-10-02,536131.6617733623,14665.0,4207.634765625
2015-10-05,534407.7079245943,14605.0,4343.5322265625
2015-10-06,532151.2082156776,14433.0,4445.60791015625
2015-10-07,519392.99435754825,14060.0,4486.95751953125
2015-10-08,510272.63243680116,13865.0,4491.2578125
2015-10-09,498528.5789311542,13410.0,4589.16552734375
2015-10-12,498865.6686609324,13320.0,4630.52685546875
2015-10-13,506072.70111972425,13502.0,4482.90185546875
2015-10-14,517895.56373874476,13650.0,4482.90185546875
2015-10-15,506423.85338403936,13260.0,4507.01953125
2015-10-16,509918.1658929562,13400.0,4521.70556640625
2015-10-19,508309.9380442389,13475.0,4569.66650390625
2015-10-20,516973.97399006545,13650.0,4585.6455078125
2015-10-21,515525.5988786368,13733.0,4605.046875
2015-10-22,513846.3409432168,13700.0,4584.38330078125
2015-10-23,504089.8309870422,13478.0,4652.96484375
2015-10-26,507268.9568698057,13520.0,4691.5283203125
2015-10-27,510558.25436207437,13610.0,4673.87646484375
2015-10-28,516578.991648787,13650.0,4608.560546875
2015-10-29,501686.74701689015,13602.0,4471.8466796875
2015-10-30,499194.0778368993,13602.0,4455.0068359375
2015-11-02,497723.87884088105,13630.0,4464.78515625
2015-11-03,486467.28943411715,13580.0,4532.9091796875
2015-11-04,476524.10500425997,13395.0,4612.38525390625
2015-11-05,477750.16729600244,13455.0,4577.0546875
2015-11-06,472930.3669940619,13525.0,4566.3740234375
2015-11-09,476033.86539377854,13610.0,4499.33154296875
2015-11-10,477389.6292616662,13645.0,4450.88037109375
2015-11-11,472889.9107139269,13560.0,4451.416015625
2015-11-12,469973.4968862151,13525.0,4462.05126953125
2015-11-13,472927.1196023207,13610.0,4472.66357421875
2015-11-16,478829.9846948118,13743.0,4442.00732421875
2015-11-17,470999.69233893487,13708.0,4500.771484375
2015-11-18,471456.15991518233,13720.0,4497.73486328125
2015-11-19,474994.45400035364,13705.0,4518.76416015625
2015-11-20,472559.1117840122,13655.0,4561.15673828125
2015-11-23,464400.23345066677,13540.0,4540.88916015625
2015-11-24,471982.5796851264,13665.0,4545.201171875
2015-11-25,468764.28697734984,13620.0,4585.3671875
2015-11-26,468764.28697734984,13590.0,4596.87841796875
2015-11-27,466407.52099749877,13735.0,4560.3828125
2015-11-30,467323.0043537855,13638.0,4446.28515625
2015-12-01,474825.5366078049,13883.0,4557.49072265625
2015-12-02,468405.27031347953,13820.0,4545.68603515625
2015-12-03,471293.9452418564,13807.0,4537.205078125
2015-12-04,477509.84615879244,13695.0,4508.27685546875
2015-12-07,476123.63675755693,13758.0,4521.2158203125
2015-12-08,479955.0429130513,13870.0,4464.00830078125
2015-12-09,484311.09227951255,13979.0,4464.00830078125
2015-12-10,480253.07956198655,13920.0,4466.03564453125
2015-12-11,482126.8616061157,13925.0,4393.35107421875
2015-12-14,483682.232226553,14130.0,4374.0205078125
2015-12-15,478319.53451295296,13997.0,4409.00048828125
2015-12-16,484178.950921922,13970.0,4483.27880859375
2015-12-17,464867.57669956755,13760.0,4555.78662109375
2015-12-18,480592.9659179735,14020.0,4468.4794921875
2015-12-21,482278.32361312956,13865.0,4490.505859375
2015-12-22,475485.0313268603,13760.0,4517.392578125
2015-12-23,469142.165130287,13645.0,4522.4775390625
2015-12-24,471871.3114188692,13625.0,4522.4775390625
2015-12-28,469108.4604626489,13630.0,4557.177734375
2015-12-29,467499.23642033857,13495.0,4569.18310546875
2015-12-30,466323.3355077981,13682.0,4592.8291015625
2015-12-31,471967.91923820117,13845.0,4592.8291015625
2016-01-04,476136.1957238346,13775.0,4525.74267578125
2016-01-05,483907.8927049068,13957.0,4557.64453125
2016-01-06,484629.6988131925,13805.0,4608.80224609375
2016-01-07,495203.68514941796,13905.0,4530.271484375
2016-01-08,491660.2530318382,13930.0,4546.111328125
2016-01-11,489667.8830356712,13890.0,4465.30908203125
2016-01-12,481833.48057176423,13805.0,4512.3515625
2016-01-13,482327.14967768907,13795.0,4537.00244140625
2016-01-14,478090.68555183575,13847.0,4513.005859375
2016-01-15,485154.0019611941,13825.0,4523.7998046875
2016-01-18,485154.0019611941,13973.0,4481.1015625
2016-01-19,487946.94616251613,13925.0,4491.5615234375
2016-01-20,492265.9077709427,13830.0,4427.8125
2016-01-21,488532.0675318078,13825.0,4413.9541015625
2016-01-22,485712.0943844116,13769.0,4456.57080078125
2016-01-25,488913.81126753474,13747.0,4505.61279296875
2016-01-26,498757.70651878504,13830.0,4510.29248046875
2016-01-27,498061.87924615596,13880.0,4583.44921875
2016-01-28,495041.1002953722,13802.0,4602.650390625
2016-01-29,494068.07388427574,13765.0,4614.9833984375
2016-02-01,495893.8008218465,13675.0,4624.45458984375
2016-02-02,493999.05687550735,13630.0,4587.25634765625
2016-02-03,503803.4198855484,13730.0,4595.92919921875
2016-02-04,505490.47111766203,13582.0,4665.6357421875
2016-02-05,506694.56056869606,13612.0,4798.7587890625
2016-02-08,523203.878395198,13585.0,4798.7587890625
2016-02-09,527060.3157916814,13676.0,4768.439453125
2016-02-10,520845.9285254272,13560.0,4732.29833984375
2016-02-11,539826.5413375089,13455.0,4775.67431640625
2016-02-12,537015.6950471309,13480.0,4714.2099609375
2016-02-15,537015.6950471309,13465.0,4740.54150390625
2016-02-16,515532.74789321714,13275.0,4744.8193359375
2016-02-17,521648.8939484239,13397.0,4765.3212890625
2016-02-18,532170.002424491,13500.0,4778.6083984375
2016-02-19,530673.921825989,13415.0,4697.376953125
2016-02-22,522126.3362644075,13427.0,4708.43701171875
2016-02-23,526001.4517197246,13385.0,4653.873046875
2016-02-24,534054.5708751376,13410.0,4657.541015625
2016-02-25,532843.7747017392,13385.0,4658.14208984375
2016-02-26,526690.3935493343,13430.0,4732.96435546875
2016-02-29,532580.1864021344,13425.0,4770.7705078125
2016-03-01,528653.0503830081,13365.0,4779.79931640625
2016-03-02,528545.3494497831,13246.0,4836.00732421875
2016-03-03,535608.3052859618,13249.0,4843.85009765625
2016-03-04,536482.5926600151,13140.0,4850.69384765625
2016-03-07,529103.4437882291,13028.0,4831.38720703125
2016-03-08,527506.5405056404,13000.0,4810.85498046875
2016-03-09,532520.2719371853,13181.0,4810.85498046875
2016-03-10,535733.920619866,13100.0,4793.01611328125
2016-03-11,531346.3230468185,13130.0,4813.59130859375
2016-03-14,517828.2031279827,12943.0,4877.3408203125
2016-03-15,513466.08313837775,12980.0,4849.591796875
2016-03-16,518658.8178427343,13123.0,4861.251953125
2016-03-17,519159.0978507241,12770.0,4885.498046875
2016-03-18,521417.3206099569,12935.0,4885.51806640625
2016-03-21,521377.49888665567,13038.0,4884.97314453125
2016-03-22,529040.781786578,13183.0,4855.91796875
2016-03-23,515430.5161895842,13101.0,4853.98681640625
2016-03-24,518938.4256637303,13215.0,4826.8994140625
2016-03-25,518938.4256637303,13233.0,4826.8994140625
2016-03-28,516536.18793811643,13170.0,4773.4404296875
2016-03-29,527474.2866825302,13278.0,4781.111328125
2016-03-30,519894.62027673237,13180.0,4816.46728515625
2016-03-31,525368.7640785,13240.0,4845.18212890625
2016-04-01,517038.49912452075,13158.0,4842.9970703125
2016-04-04,514047.80812448764,13127.0,4849.98681640625
2016-04-05,518950.4821258309,13140.0,4857.8828125
2016-04-06,519209.2529779607,13210.0,4868.04052734375
2016-04-07,523517.4741375066,13172.0,4867.095703125
2016-04-08,526185.4775186072,13172.0,4846.51513671875
2016-04-11,529895.9878990834,13115.0,4786.78759765625
2016-04-12,530224.6795280965,13095.0,4829.38525390625
2016-04-13,524038.03553716064,13073.0,4852.81591796875
2016-04-14,517711.0293053837,13145.0,4814.65869140625
2016-04-15,522204.66759104177,13172.0,4823.38037109375
2016-04-18,520750.644764845,13130.0,4865.34521484375
2016-04-19,527892.7451894481,13104.0,4881.740234375
2016-04-20,527251.7421201844,13086.0,4876.40625
2016-04-21,528697.2205700323,13166.0,4902.89892578125
2016-04-22,520341.3042530885,13172.0,4914.54541015625
2016-04-25,525577.0515261483,13195.0,4878.671875
2016-04-26,526777.2873135508,13190.0,4813.9052734375
2016-04-27,528540.8830974608,13160.0,4845.46923828125
2016-04-28,535234.0572604369,13155.0,4848.201171875
2016-04-29,545879.510567415,13170.0,4838.39453125
2016-05-02,548416.4758528607,13175.0,4808.1318359375
2016-05-03,543402.3778865949,13095.0,4812.0771484375
2016-05-04,539761.1569051337,13185.0,4822.40771484375
2016-05-05,545700.3335935742,13350.0,4822.40771484375
2016-05-09,541583.2840371286,13310.0,4749.13037109375
2016-05-10,543578.3955692097,13377.0,4762.9296875
2016-05-11,544942.867373183,13298.0,4799.77685546875
2016-05-12,541021.581070496,13247.0,4803.134765625
2016-05-13,542030.1517066696,13255.0,4761.529296875
2016-05-16,545821.824729959,13332.0,4731.37744140625
2016-05-17,546529.5979426552,13320.0,4728.9716796875
2016-05-18,545377.078132912,13318.0,4734.17236328125
2016-05-19,541745.3451860447,13435.0,4704.03369140625
2016-05-20,547410.3664188654,13595.0,4711.69482421875
2016-05-23,547244.3669634182,13605.0,4743.4775390625
2016-05-24,534965.7218823093,13540.0,4710.60205078125
2016-05-25,533795.0712942273,13570.0,4772.79150390625
2016-05-26,533802.3202460635,13608.0,4784.37841796875
2016-05-27,528743.6096121743,13549.0,4814.54345703125
2016-05-30,528743.6096121743,13560.0,4835.8447265625
2016-05-31,532381.869100782,13631.0,4796.68212890625
2016-06-01,531578.5050904577,13643.0,4839.4794921875
2016-06-02,529373.8217419513,13610.0,4833.037109375
2016-06-03,542632.2011260665,13610.0,4853.73291015625
2016-06-06,536918.4327298249,13418.0,4895.83447265625
2016-06-07,533991.5805569949,13347.0,4933.796875
2016-06-08,535739.5549005613,13227.0,4915.86962890625
2016-06-09,539263.7598734744,13205.0,4876.60400390625
2016-06-10,542464.6847938761,13250.0,4847.8671875
2016-06-13,550289.0261656018,13326.0,4807.0390625
2016-06-14,550596.4690398275,13321.0,4821.40234375
2016-06-15,551880.9989826054,13350.0,4814.63671875
2016-06-16,555051.7361327403,13320.0,4814.20361328125
2016-06-17,556252.6725288151,13386.0,4834.955078125
2016-06-20,552937.1292619802,13332.0,4863.341796875
2016-06-21,541229.2828781327,13250.0,4878.52392578125
2016-06-22,540368.1257736267,13255.0,4896.66162109375
2016-06-23,535037.3223499893,13195.0,4874.119140625
2016-06-24,562316.1380552028,13250.0,4834.380859375
2016-06-27,568696.0470686579,13375.0,4835.86328125
2016-06-28,566022.8319502452,13385.0,4881.98095703125
2016-06-29,560146.7462275648,13160.0,4979.9111328125
2016-06-30,556929.5391443524,13139.0,5016.4521484375
2016-07-01,566293.0299352742,13177.0,4971.3876953125
2016-07-04,566293.0299352742,13115.0,4971.3876953125
2016-07-11,570909.2224347742,13105.0,5068.82177734375
2016-07-12,562746.690233816,13120.0,5099.3349609375
2016-07-13,564305.6350318731,13075.0,5133.7333984375
2016-07-14,557071.3950358656,13015.0,5083.34130859375
2016-07-15,555276.0943302201,13020.0,5109.97900390625
2016-07-18,557865.2279935211,13062.0,5127.3017578125
2016-07-19,559852.0102239298,13078.0,5172.62841796875
2016-07-20,555148.1035673361,13093.0,5242.619140625
2016-07-21,560586.5095568023,13105.0,5216.77001953125
2016-07-22,557723.8503675543,13111.0,5197.048828125
2016-07-25,556206.907270346,13113.0,5220.5986328125
2016-07-26,556032.7892550903,13095.0,5224.19140625
2016-07-27,561374.4073387918,13162.0,5274.15576171875
2016-07-28,561045.0926600151,13098.0,5299.0068359375
2016-07-29,566342.7588535052,13058.0,5215.791015625
2016-08-01,565699.3045114245,13020.0,5361.36767578125
2016-08-02,570702.4713497502,13010.0,5373.11376953125
2016-08-03,570805.8861662222,13092.0,5351.669921875
2016-08-04,574039.3409616783,13140.0,5373.6533203125
2016-08-05,562986.4651855085,13103.0,5420.03515625
2016-08-08,562537.1781426955,13122.0,5458.7666015625
2016-08-09,564167.8589226293,13105.0,5440.0810546875
2016-08-10,566228.0752872591,13101.0,5423.73828125
2016-08-11,564692.9605992895,13083.0,5418.876953125
2016-08-12,562518.9782355934,13098.0,5376.986328125
2016-08-15,564758.7068960536,13106.0,5320.353515625
2016-08-16,567146.173260244,13062.0,5371.63671875
2016-08-17,565985.7913036942,13111.0,5371.63671875
2016-08-18,569742.5485755346,13115.0,5461.23779296875
2016-08-19,564930.1178338112,13109.0,5415.82470703125
2016-08-22,566802.6960468803,13179.0,5426.9638671875
2016-08-23,569324.5158105887,13209.0,5416.9296875
2016-08-24,563509.2488978958,13234.0,5403.78173828125
2016-08-25,562698.2647071345,13258.0,5453.904296875
2016-08-26,562785.1849470317,13246.0,5438.619140625
2016-08-29,566103.4714727015,13310.0,5370.5546875
2016-08-30,558695.9973355089,13248.0,5362.107421875
2016-08-31,558122.1735268376,13283.0,5385.87255859375
2016-09-01,560258.9853734307,13280.0,5334.33935546875
2016-09-02,564188.3703104843,13273.0,5353.2529296875
2016-09-05,564188.3703104843,13195.0,5356.74560546875
2016-09-06,569417.4392089177,13125.0,5371.88671875
2016-09-07,564369.6059156576,13058.0,5381.14453125
2016-09-08,561736.6739493496,13070.0,5370.86865234375
2016-09-09,558964.0002213188,13071.0,5281.7109375
2016-09-12,559599.2733936695,13176.0,5281.7109375
2016-09-13,558582.4103396725,13172.0,5215.36376953125
2016-09-14,562572.7490475348,13241.0,5145.837890625
2016-09-15,557055.5885993538,13191.0,5265.61376953125
2016-09-16,551816.8643977969,13144.0,5267.56396484375
2016-09-19,555873.1493240311,13163.0,5321.63330078125
2016-09-20,554944.0949876144,13139.0,5302.287109375
2016-09-21,561330.7351661464,13158.0,5342.3837890625
2016-09-22,562732.2815374099,13058.0,5380.052734375
2016-09-23,561560.7813335166,13062.0,5388.69873046875
2016-09-26,562223.0122862855,13053.0,5351.93115234375
2016-09-27,555834.8873385619,13039.0,5419.39306640625
2016-09-28,547934.8020433856,12917.0,5425.1259765625
2016-09-29,549059.915092893,12921.0,5431.7451171875
2016-09-30,549032.7627087662,13003.0,5364.59521484375
2016-10-03,545677.9462118411,12966.0,5463.70263671875
2016-10-04,527714.9270310466,12962.0,5472.103515625
2016-10-05,530063.1942939124,13031.0,5420.43701171875
2016-10-06,522928.21822139685,13014.0,5409.1337890625
2016-10-07,522190.26210892294,13005.0,5376.939453125
2016-10-10,522190.26210892294,12967.0,5360.61962890625
2016-10-11,520722.0409278698,12926.0,5381.78759765625
2016-10-12,525644.2034162403,13068.0,5364.40185546875
2016-10-13,525305.6729950006,13019.0,5340.19189453125
2016-10-14,525517.58102924,13044.0,5399.67431640625
2016-10-17,527998.6213650845,13092.0,5410.0927734375
2016-10-18,529030.5411691886,13051.0,5429.83642578125
2016-10-19,530746.0034359829,13020.0,5409.07763671875
2016-10-20,527830.0796791608,12972.0,5403.529296875
2016-10-21,529298.3046121781,13005.0,5409.08251953125
2016-10-24,529493.4653656341,13050.0,5420.83740234375
2016-10-25,532093.2730295877,13012.0,5397.66064453125
2016-10-26,527659.1198287571,12976.0,5399.5888671875
2016-10-27,530909.0590437973,13024.0,5416.8359375
2016-10-28,535280.6436574663,13053.0,5410.26904296875
2016-10-31,534010.786567428,13063.0,5422.5419921875
2016-11-01,538200.6371533812,13013.0,5416.0068359375
2016-11-02,547785.9095156845,13038.0,5405.455078125
2016-11-03,546150.6351855624,13046.0,5329.501953125
2016-11-04,547575.8367413937,13068.0,5362.66015625
2016-11-07,539003.8143739727,13115.0,5386.2080078125
2016-11-08,535791.3456526382,13087.0,5470.68115234375
2016-11-09,533572.6294988091,13041.0,5414.32080078125
2016-11-10,534501.6959506165,13137.0,5450.30615234375
2016-11-11,534501.6959506165,13588.0,5231.97119140625
2016-11-14,523839.75271384756,13342.0,5115.73876953125
2016-11-15,529645.0881733566,13459.0,5078.5009765625
2016-11-16,523642.82235196733,13313.0,5185.46484375
2016-11-17,522840.5806420499,13368.0,5193.01513671875
2016-11-18,521072.9821402736,13411.0,5170.10888671875
2016-11-21,524191.7491897327,13479.0,5148.31884765625
2016-11-22,522189.85001687915,13412.0,5204.673828125
2016-11-23,513511.04769785755,13432.0,5211.99609375
2016-11-24,513511.04769785755,13607.0,5107.623046875
2016-11-25,513576.76589413674,13558.0,5122.10400390625
2016-11-28,515996.19563388167,13480.0,5114.57177734375
2016-11-29,514787.8672521468,13479.0,5136.6669921875
2016-11-30,508243.1964016057,13502.0,5148.91015625
2016-12-01,509176.3670116757,13572.0,5198.7548828125
2016-12-02,510714.27556290134,13518.0,5245.9560546875
2016-12-05,514841.09505361127,13640.0,5268.30810546875
2016-12-06,504376.46155489434,13436.0,5272.96484375
2016-12-07,502284.3088398412,13296.0,5265.3681640625
2016-12-08,499346.8660533707,13277.0,5303.73388671875
2016-12-09,495988.4490444328,13306.0,5308.1259765625
2016-12-12,499650.18406288687,13357.0,5308.1259765625
2016-12-13,493792.07972286583,13278.0,5293.619140625
2016-12-14,495830.5222382529,13280.0,5262.81689453125
2016-12-15,486531.1317110866,13418.0,5254.36181640625
2016-12-16,489511.11466021463,13411.0,5231.65185546875
2016-12-19,490726.4938029482,13383.0,5191.912109375
2016-12-20,486381.1146655521,13370.0,5162.47705078125
2016-12-21,488063.81186486623,13421.0,5111.39208984375
2016-12-22,487724.6565885245,13439.0,5042.8701171875
2016-12-23,489427.9881153158,13449.0,5027.7041015625
2016-12-26,489427.9881153158,13442.0,5027.7041015625
2016-12-27,491506.9769108832,13442.0,5102.9541015625
2016-12-28,491938.3004438871,13429.0,5209.44482421875
2016-12-29,501546.01023504435,13490.0,5302.56591796875
2016-12-30,497882.8749176138,13466.0,5296.7109375
2017-01-02,497882.8749176138,13512.0,5296.7109375
2017-01-03,503877.7864142726,13506.0,5275.97119140625
2017-01-04,502996.8992684581,13443.0,5301.18310546875
2017-01-05,506265.6919074119,13348.0,5325.50390625
2017-01-06,501825.7246024048,13319.0,5347.02197265625
2017-01-09,508010.62581381516,13351.0,5316.36376953125
2017-01-10,506902.3791503317,13314.0,5309.923828125
2017-01-11,510898.1071426912,13291.0,5301.23681640625
2017-01-12,510380.99324084434,13241.0,5292.75
2017-01-13,509501.76177482534,13258.0,5272.98291015625
2017-01-16,509501.76177482534,13313.0,5270.01123046875
2017-01-17,520166.1549343321,13349.0,5266.93798828125
2017-01-18,517801.7087857878,13296.0,5294.7841796875
2017-01-19,516213.07333309803,13370.0,5298.9482421875
2017-01-20,517984.34430924675,13378.0,5254.31103515625
2017-01-23,523680.29321459,13406.0,5250.9677734375
2017-01-24,519280.9218130219,13345.0,5292.087890625
2017-01-25,513587.77151975967,13342.0,5293.7822265625
2017-01-26,509247.57663928496,13316.0,5317.6328125
2017-01-27,511360.2769196054,13387.0,5312.83984375
2017-01-30,511215.21852255875,13326.0,5302.662109375
2017-01-31,518279.5014826381,13338.0,5294.10302734375
2017-02-01,517264.34884158813,13345.0,5327.1611328125
2017-02-02,522613.5755672593,13360.0,5353.712890625
2017-02-03,522838.29794074624,13346.0,5360.76708984375
2017-02-06,527456.3955824907,13338.0,5395.9951171875
2017-02-07,528781.2802197954,13326.0,5381.47509765625
2017-02-08,529601.3527432227,13310.0,5361.087890625
2017-02-09,528213.862595661,13302.0,5372.0771484375
2017-02-10,527358.899301174,13288.0,5371.6689453125
2017-02-13,524936.8825232377,13335.0,5409.55615234375
2017-02-14,524250.3263384685,13323.0,5380.669921875
2017-02-15,527512.1786795874,13321.0,5380.669921875
2017-02-16,530867.5872490235,13316.0,5377.998046875
2017-02-17,530039.0398116056,13321.0,5350.93212890625
2017-02-20,530039.0398116056,13350.0,5359.2880859375
2017-02-21,531030.6717893485,13347.0,5340.990234375
2017-02-22,529106.2420627903,13358.0,5358.68310546875
2017-02-23,536118.666668718,13338.0,5372.748046875
2017-02-24,538466.5013685721,13325.0,5385.90576171875
2017-02-27,538640.2792384449,13324.0,5382.8740234375
2017-02-28,537188.1323433318,13339.0,5386.69189453125
2017-03-01,537689.3348635591,13391.0,5363.05615234375
2017-03-02,530409.9257946252,13392.0,5408.25390625
2017-03-03,526905.7019306509,13373.0,5391.21484375
2017-03-06,522735.7371356921,13278.0,5409.81689453125
2017-03-07,521223.1380477302,13342.0,5402.615234375
2017-03-08,518158.92102174996,13336.0,5393.76416015625
2017-03-09,516780.54001534195,13368.0,5402.38623046875
2017-03-10,517400.98206171783,13403.0,5390.6767578125
2017-03-13,515930.0633636111,13346.0,5409.3720703125
2017-03-14,516720.2124026185,13372.0,5431.5849609375
2017-03-15,516640.8498431271,13390.0,5432.380859375
2017-03-16,521184.1271882586,13217.0,5518.2412109375
2017-03-17,525196.0084422649,13283.0,5540.43212890625
2017-03-20,528682.8708846447,13330.0,5533.9921875
2017-03-21,534120.1110650479,13332.0,5543.0927734375
2017-03-22,534527.7878632529,13308.0,5534.0927734375
2017-03-23,534262.5950573476,13327.0,5563.7587890625
2017-03-24,534458.4033856972,13318.0,5567.1337890625
2017-03-27,537622.0787112482,13320.0,5541.2021484375
2017-03-28,537094.9587604188,13308.0,5541.2021484375
2017-03-29,536322.3085802806,13309.0,5592.509765625
2017-03-30,532487.8229138199,13303.0,5592.9521484375
2017-03-31,533311.1498501851,13299.0,5568.10595703125
2017-04-03,536255.3619728663,13335.0,5606.7890625
2017-04-04,537289.3725786487,13316.0,5651.8232421875
2017-04-05,533820.0885909393,13332.0,5676.97998046875
2017-04-06,535558.6204297622,13323.0,5680.23876953125
2017-04-07,538481.7963252353,13353.0,5653.48583984375
2017-04-10,537912.4527307454,13373.0,5644.298828125
2017-04-11,542385.7299661437,13271.0,5627.93310546875
2017-04-12,544955.1641768485,13291.0,5644.15478515625
2017-04-13,548905.8988263542,13277.0,5616.544921875
2017-04-14,548905.8988263542,13276.0,5616.544921875
2017-04-17,550814.4782545259,13287.0,5577.48681640625
2017-04-18,551464.7435694159,13279.0,5606.51708984375
2017-04-19,547767.766476743,13296.0,5606.51708984375
2017-04-20,549918.5630477868,13343.0,5595.30615234375
2017-04-21,551201.8301838079,13317.0,5664.47509765625
2017-04-24,537539.4936226655,13105.0,5664.47509765625
2017-04-25,534014.9526448741,13124.0,5680.7958984375
2017-04-26,539801.5006420411,13303.0,5726.52978515625
2017-04-27,538779.3995045648,13261.0,5707.02783203125
2017-04-28,543466.194288355,13351.0,5685.2978515625
2017-05-01,536803.3581586728,13322.0,5685.2978515625
2017-05-02,537695.3453689333,13325.0,5675.80810546875
2017-05-03,532766.0335520105,13295.0,5647.3681640625
2017-05-04,524614.786117318,13304.0,5669.44287109375
2017-05-05,525305.2759775326,13340.0,5683.376953125
2017-05-08,524534.8642482834,13315.0,5707.86181640625
2017-05-09,520177.2742805773,13324.0,5697.05615234375
2017-05-10,522832.20062999084,13359.0,5653.0078125
2017-05-11,524915.6026813075,13353.0,5653.0078125
2017-05-12,524801.8309836513,13312.0,5675.2158203125
2017-05-15,526263.5225852861,13323.0,5688.8701171875
2017-05-16,527496.1017248862,13285.0,5646.9990234375
2017-05-17,536661.629720128,13274.0,5615.4921875
2017-05-18,535957.0450176678,13318.0,5645.451171875
2017-05-19,539647.5202389426,13399.0,5791.8837890625
2017-05-22,540216.0190724115,13328.0,5749.44482421875
2017-05-23,536396.91511305,13296.0,5730.61279296875
2017-05-24,535370.9622585681,13296.0,5703.43310546875
2017-05-25,537066.6403945446,13302.0,5703.43310546875
2017-05-26,542113.1022310718,13302.0,5716.81494140625
2017-05-29,542113.1022310718,13288.0,5712.3310546875
2017-05-30,540288.429756354,13315.0,5693.39111328125
2017-05-31,544690.0831096179,13319.0,5738.15478515625
2017-06-01,541530.6316009453,13294.0,5738.15478515625
2017-06-02,545472.9869252053,13288.0,5742.44580078125
2017-06-05,547199.1206651783,13304.0,5748.23486328125
2017-06-06,552783.9479252171,13283.0,5707.8310546875
2017-06-07,549952.1139516113,13259.0,5717.3251953125
2017-06-08,546285.226744541,13313.0,5702.921875
2017-06-09,542130.9659684602,13293.0,5675.52294921875
2017-06-12,541186.6566597018,13295.0,5691.43603515625
2017-06-13,541831.6861477859,13314.0,5707.64501953125
2017-06-14,543518.5830705598,13282.0,5792.89697265625
2017-06-15,534882.8444152436,13286.0,5776.283203125
2017-06-16,535974.2794219301,13294.0,5723.63623046875
2017-06-19,531105.5910656031,13277.0,5741.9091796875
2017-06-20,530098.7348690662,13286.0,5791.90380859375
2017-06-21,531323.7971446076,13291.0,5818.5517578125
2017-06-22,533519.6127531807,13301.0,5829.7080078125
2017-06-23,538812.7879043833,13341.0,5829.7080078125
2017-07-03,520701.35273066384,13298.0,5910.23681640625
2017-07-04,520701.35273066384,13364.0,5865.36376953125
2017-07-05,523849.7508625122,13351.0,5825.05419921875
2017-07-06,525093.8944977178,13363.0,5849.5751953125
2017-07-07,520028.08279668214,13383.0,5814.79296875
2017-07-10,522508.28596962563,13408.0,5771.505859375
2017-07-11,522508.28596962563,13408.0,5773.326171875
2017-07-12,522784.1424308094,13349.0,5819.1318359375
2017-07-13,522559.1188287567,13363.0,5830.0439453125
2017-07-14,526116.6837909558,13341.0,5831.794921875
2017-07-17,528419.3177930639,13332.0,5841.27978515625
2017-07-18,531538.0190261634,13321.0,5822.35205078125
2017-07-19,530822.632516864,13302.0,5806.68994140625
2017-07-20,532642.4309114253,13309.0,5825.2080078125
2017-07-21,536465.4636796678,13303.0,5765.423828125
2017-07-24,534762.4487228942,13265.0,5801.5869140625
2017-07-25,535876.558901882,13316.0,5813.53515625
2017-07-26,535202.5334769399,13328.0,5800.2060546875
2017-07-27,539785.1712696308,13329.0,5819.744140625
2017-07-28,542822.278038664,13311.0,5831.02685546875
2017-07-31,542418.431199212,13320.0,5840.93896484375
2017-08-01,544906.0869308442,13318.0,5805.205078125
2017-08-02,544522.6823426348,13317.0,5824.2490234375
2017-08-03,542810.0776518444,13317.0,5780.576171875
2017-08-04,538823.5520228205,13319.0,5777.48193359375
2017-08-07,538376.1682815916,13309.0,5749.2919921875
2017-08-08,537848.3554928944,13315.0,5810.56298828125
2017-08-09,544586.2362756603,13306.0,5824.0068359375
2017-08-10,549989.0864152396,13326.0,5825.94580078125
2017-08-11,551744.2490159493,13327.0,5766.13818359375
2017-08-14,551235.5055892649,13351.0,5801.48779296875
2017-08-15,546359.887103868,13342.0,5835.041015625
2017-08-16,548225.2134333882,13354.0,5891.94921875
2017-08-17,552138.5157917191,13350.0,5891.94921875
2017-08-18,552747.4318668417,13372.0,5893.8408203125
2017-08-21,554234.5604867494,13355.0,5861.00390625
2017-08-22,551332.6176867153,13344.0,5880.296875
2017-08-23,552175.569479878,13325.0,5914.02392578125
2017-08-24,552222.78843217,13351.0,5894.1171875
2017-08-25,554050.2676547655,13333.0,5915.36279296875
2017-08-28,561675.9415719016,13339.0,5903.3408203125
2017-08-29,561614.2548336915,13303.0,5888.2119140625
2017-08-30,560737.4403037376,13333.0,5872.505859375
2017-08-31,564251.937850267,13334.0,5864.05908203125
2017-09-01,567256.5627662481,13321.0,5864.05908203125
2017-09-04,567256.5627662481,13331.0,5813.7412109375
2017-09-05,574930.0544311105,13353.0,5829.97900390625
2017-09-06,571797.0333085568,13333.0,5824.13818359375
2017-09-07,576857.5425383259,13339.0,5832.31103515625
2017-09-08,575079.7820181008,13289.0,5857.119140625
2017-09-11,564734.0974488402,13197.0,5871.880859375
2017-09-12,562564.5988393589,13176.0,5872.376953125
2017-09-13,561977.5112916854,13208.0,5845.73388671875
2017-09-14,563977.583018566,13242.0,5852.001953125
2017-09-15,562995.969063909,13262.0,5872.39208984375
2017-09-18,556563.9959191189,13252.0,5884.61083984375
2017-09-19,557193.2725303724,13268.0,5901.326171875
2017-09-20,559161.2519491375,13256.0,5906.5732421875
2017-09-21,550746.1692720159,13273.0,5906.5732421875
2017-09-22,551898.3891875738,13273.0,5911.7080078125
2017-09-25,559045.8131627318,13306.0,5894.61181640625
2017-09-26,555395.4699631874,13319.0,5863.9619140625
2017-09-27,551882.4353059329,13375.0,5863.02685546875
2017-09-28,555182.5839535743,13433.0,5841.046875
2017-09-29,556545.1476521934,13508.0,5900.85400390625
2017-10-02,550963.8736003761,13465.0,5914.02978515625
2017-10-03,553142.4598517851,13531.0,5939.453125
2017-10-04,554304.2596190943,13536.0,5951.47509765625
2017-10-05,549955.8997816136,13470.0,5901.90576171875
2017-10-06,549915.323729048,13451.0,5905.3779296875
2017-10-09,556222.1376704616,13497.0,5914.93310546875
2017-10-10,560580.1813354129,13510.0,5905.76220703125
2017-10-11,558495.3030902621,13510.0,5882.787109375
2017-10-12,561752.9750564395,13510.0,5926.2041015625
2017-10-13,564812.5452119537,13498.0,5924.1240234375
2017-10-16,563867.4467308995,13492.0,5949.701171875
2017-10-17,555876.6055267092,13476.0,5947.330078125
2017-10-18,555315.3448797651,13495.0,5929.201171875
2017-10-19,558973.0843742338,13510.0,5910.52978515625
2017-10-20,554025.3132073786,13490.0,5929.548828125
2017-10-23,555223.4488092678,13516.0,5950.02587890625
2017-10-24,554829.038532641,13535.0,5952.076171875
2017-10-25,554593.0628450237,13525.0,6025.43408203125
2017-10-26,552549.5285963095,13572.0,5995.84716796875
2017-10-27,556405.0830292411,13643.0,5975.28076171875
2017-10-30,556608.4353291983,13588.0,5974.0771484375
2017-10-31,552936.4219460832,13574.0,6005.7841796875
2017-11-01,555215.6853438294,13554.0,6038.14599609375
2017-11-02,555523.334379854,13553.0,6031.10693359375
2017-11-03,551455.9293970132,13543.0,6039.541015625
2017-11-06,554481.4033501556,13480.0,6050.8232421875
2017-11-07,552133.8898082335,13483.0,6060.453125
2017-11-08,556835.7924371328,13514.0,6049.3837890625
2017-11-09,558119.0692474131,13503.0,6042.4599609375
2017-11-10,553370.3644364468,13527.0,6021.828125
2017-11-13,554885.4071009895,13512.0,6021.4560546875
2017-11-14,558399.1994470075,13553.0,5988.2919921875
2017-11-15,555892.1825518028,13545.0,5972.31103515625
2017-11-16,555892.1825518028,13545.0,6037.9072265625
2017-11-17,563005.509343427,13514.0,6051.73193359375
2017-11-20,553548.5225204509,13508.0,6053.2822265625
2017-11-21,557071.6211937501,13525.0,6031.86181640625
2017-11-22,561388.2704501516,13519.0,6069.78515625
2017-11-23,561388.2704501516,13491.0,6063.2451171875
2017-11-24,558017.446311747,13489.0,6067.14208984375
2017-11-27,561470.9939100754,13498.0,6064.5888671875
2017-11-28,562402.6569448198,13511.0,6070.7158203125
2017-11-29,556475.9487006336,13500.0,6061.3671875
2017-11-30,552776.7659789091,13504.0,5952.13818359375
2017-12-01,556729.3539692202,13541.0,5952.13818359375
2017-12-04,555548.6894436117,13560.0,5998.19482421875
2017-12-05,547334.8681195569,13494.0,6000.47412109375
2017-12-06,548626.9088628114,13513.0,6035.5078125
2017-12-07,543822.8450444433,13534.0,6006.8349609375
2017-12-08,542581.8617915161,13553.0,6030.9580078125
2017-12-11,540088.9044795125,13507.0,6026.6328125
2017-12-12,539622.614818268,13552.0,6032.37109375
2017-12-13,542588.9604332298,13551.0,6054.60400390625
2017-12-14,545805.22002774,13540.0,6113.65283203125
2017-12-15,546587.4535604162,13554.0,6119.4189453125
2017-12-18,550598.1300335975,13568.0,6133.962890625
2017-12-19,550430.1875002512,13580.0,6167.666015625
2017-12-20,552584.3448029675,13575.0,6109.48193359375
2017-12-21,553026.6228155718,13573.0,6183.39111328125
2017-12-22,556110.2490428253,13562.0,6221.01318359375
2017-12-25,556110.2490428253,13551.0,6221.01318359375
2017-12-27,560754.3845547929,13552.0,6277.1650390625
2017-12-28,564097.5282201084,13558.0,6314.0458984375
2017-12-29,569415.5340078035,13558.0,6355.65380859375
2018-01-01,569415.5340078035,13542.0,6355.65380859375
2018-01-02,572303.2564945716,13550.0,6339.23779296875
2018-01-03,571107.2561292339,13496.0,6251.47900390625
2018-01-04,571308.0369993278,13468.0,6292.32080078125
2018-01-05,569447.9770774767,13415.0,6353.73779296875
2018-01-08,569223.459488237,13427.0,6385.40380859375
2018-01-09,566244.803458928,13427.0,6373.14404296875
2018-01-10,568832.521352287,13430.0,6371.173828125
2018-01-11,570681.2504010991,13441.0,6386.3388671875
2018-01-12,574154.8869734126,13393.0,6370.06494140625
2018-01-15,574154.8869734126,13295.0,6382.19482421875
2018-01-16,571237.8775645539,13305.0,6429.69189453125
2018-01-17,572393.0747343546,13306.0,6444.51806640625
2018-01-18,568538.4603018953,13336.0,6472.666015625
2018-01-19,570982.523688238,13334.0,6490.89599609375
2018-01-22,570168.7213759668,13325.0,6500.52880859375
2018-01-23,572955.09343113,13342.0,6635.333984375
2018-01-24,581358.4556588788,13336.0,6615.4921875
2018-01-25,582480.927376604,13298.0,6615.328125
2018-01-26,577906.9260796175,13299.0,6660.6181640625
2018-01-29,577906.9260796175,13296.0,6680.619140625
2018-01-30,573899.7902597063,13367.0,6575.4921875
2018-01-31,577771.6012667385,13421.0,6605.630859375
2018-02-01,578416.1767475299,13383.0,6598.458984375
2018-02-02,573983.8779039889,13386.0,6628.81982421875
2018-02-05,574754.0630475669,13411.0,6589.6748046875
2018-02-06,578302.1225536566,13564.0,6478.54296875
2018-02-07,571135.4049973777,13544.0,6534.869140625
2018-02-08,577550.2188831554,13641.0,6544.6337890625
2018-02-09,574068.3031818791,13598.0,6505.52294921875
2018-02-12,579431.9396675364,13610.0,6523.4541015625
2018-02-13,582547.5578928078,13643.0,6578.17822265625
2018-02-14,594435.3529345572,13640.0,6594.40087890625
2018-02-15,592161.8424753369,13622.0,6591.58203125
2018-02-16,589598.139703932,13552.0,6591.58203125
2018-02-19,589598.139703932,13552.0,6689.287109375
2018-02-20,579052.385159754,13554.0,6662.8759765625
2018-02-21,581884.3538508528,13608.0,6643.39990234375
2018-02-22,582317.966392071,13612.0,6593.06005859375
2018-02-23,584000.5958244752,13676.0,6619.80419921875
2018-02-26,584073.0378702859,13652.0,6554.6728515625
2018-02-27,577359.1557220249,13651.0,6598.92578125
2018-02-28,579177.8095712701,13694.0,6597.2177734375
2018-03-01,576227.5221708118,13756.0,6606.05322265625
2018-03-02,583639.6149798695,13741.0,6582.31591796875
2018-03-05,582738.0444092217,13751.0,6550.5927734375
2018-03-06,588990.3986568721,13737.0,6500.11083984375
2018-03-07,586571.7362997733,13759.0,6368.26708984375
2018-03-08,583279.2398145318,13745.0,6443.02099609375
2018-03-09,586127.1797891641,13786.0,6433.32177734375
2018-03-12,584203.6149060546,13772.0,6500.68603515625
2018-03-13,586356.9963449589,13755.0,6412.84619140625
2018-03-14,585054.9402944754,13740.0,6382.623046875
2018-03-15,581062.6029278382,13725.0,6321.90380859375
2018-03-16,580026.8803117765,13758.0,6304.9521484375
2018-03-19,582036.3326085188,13748.0,6289.57177734375
2018-03-20,580486.3685371082,13771.0,6243.5771484375
2018-03-21,583547.8138780226,13743.0,6312.8310546875
2018-03-22,584533.9805939933,13705.0,6254.07421875
2018-03-23,596661.8827971782,13754.0,6210.6982421875
2018-03-26,599265.4568131024,13762.0,6200.171875
2018-03-27,591571.8189214789,13718.0,6209.35009765625
2018-03-28,584966.5577540008,13740.0,6140.8369140625
2018-03-29,585028.6132325843,13756.0,6188.98681640625
2018-03-30,585028.6132325843,13757.0,6188.98681640625
2018-04-02,594082.0957084311,13768.0,6240.57080078125
2018-04-03,589108.4627546438,13748.0,6229.01318359375
2018-04-04,590133.8585994266,13741.0,6157.09619140625
2018-04-05,585479.1252249923,13751.0,6183.22705078125
2018-04-06,589224.5032211005,13760.0,6175.0517578125
2018-04-09,591299.9364065614,13763.0,6246.130859375
2018-04-10,594037.8414004855,13768.0,6325.81787109375
2018-04-11,599326.7034294271,13742.099609375,6360.93212890625
2018-04-12,591820.3654180014,13753.5,6310.8017578125
2018-04-13,595234.0499370424,13767.0,6270.3271484375
2018-04-16,594956.1142636681,13733.0,6286.748046875
2018-04-17,596252.9788554995,13766.0,6285.76220703125
2018-04-18,597632.347750944,13757.0,6320.0048828125
2018-04-19,596205.8891222677,13769.0,6355.90087890625
2018-04-20,593066.9965171725,13800.0,6337.69482421875
2018-04-23,590976.1763145627,13899.0,6308.14794921875
2018-04-24,597607.2062901193,13961.0,6229.634765625
2018-04-25,589248.3393398251,13872.0,6079.85009765625
2018-04-26,589052.0481501655,13919.0,5909.1982421875
2018-04-27,589144.1277568617,13879.0,5919.23779296875
2018-04-30,586933.7316621572,13870.0,5994.59521484375
2018-05-01,582703.6982577448,13901.0,5994.59521484375
2018-05-02,585572.1505367948,13982.2998046875,6012.23779296875
2018-05-03,590056.2210136434,14002.2998046875,5858.73193359375
2018-05-04,587947.4342043626,13931.0,5792.34521484375
2018-05-07,587807.8646993983,13933.0,5885.09814453125
2018-05-08,601870.2718343595,14268.5,5774.7158203125
2018-05-09,601363.6572817424,14264.099609375,5907.93798828125
2018-05-10,597605.3848331603,14073.0,5907.93798828125
2018-05-11,596790.9399263749,14073.0,5956.83203125
2018-05-14,590157.3617117045,13943.0,5947.15478515625
2018-05-15,578613.6943075074,13963.0,5838.1162109375
2018-05-16,581976.4757966597,14030.0,5841.4638671875
2018-05-17,586011.188474694,14149.2001953125,5815.919921875
2018-05-18,587099.362094656,14153.5,5783.31005859375
2018-05-21,587493.4302714249,14163.0,5733.85400390625
2018-05-22,590543.6142448297,14220.0,5751.119140625
2018-05-23,588650.5339136117,14200.7998046875,5792.0009765625
2018-05-24,593892.153878319,14169.0,5946.5380859375
2018-05-25,591824.3892053446,14124.0,5975.7421875
2018-05-28,591824.3892053446,14078.0,6068.3251953125
2018-05-29,584975.5273817406,14010.0,6068.3251953125
2018-05-30,587031.797064639,14029.0,6011.05517578125
2018-05-31,584226.7705809523,13977.0,5983.5869140625
2018-06-01,577807.1496048475,13880.0,5983.5869140625
2018-06-04,579459.7861885896,13938.0,6014.81884765625
2018-06-05,578177.6970437411,13860.0,6088.7900390625
2018-06-06,578416.4695734227,13870.0,6069.712890625
2018-06-07,577125.748713092,13822.0,6106.6982421875
2018-06-08,578570.25613027,13863.0,5993.626953125
2018-06-11,579052.123990078,13866.0,5993.626953125
2018-06-20,569032.9679992931,13923.0,5884.0390625
2018-06-21,567242.4299569506,13923.0,5822.3330078125
2018-06-22,574055.3810325306,14088.0,5821.81201171875
2018-06-25,572629.7187268602,14073.0,5859.0830078125
2018-06-26,571587.6494474849,14148.0,5825.64892578125
2018-06-27,571470.3198281041,14188.0,5787.5517578125
2018-06-28,571075.0782088306,14235.0,5667.31884765625
2018-06-29,577303.3806704581,14350.0,5799.23681640625
2018-07-02,570682.3122501412,14317.0,5746.77001953125
2018-07-03,577321.0362091548,14347.0,5633.93701171875
2018-07-04,577321.0362091548,14353.0,5733.63916015625
2018-07-05,582092.7131391965,14400.0,5739.33203125
2018-07-06,579848.8690053971,14378.7998046875,5694.912109375
2018-07-09,578701.3149873167,14307.0,5807.375
2018-07-10,576884.6753188322,14311.0,5881.759765625
2018-07-11,574380.7192728887,14375.0,5893.35888671875
2018-07-12,575517.5462568521,14378.0,5907.8720703125
2018-07-13,573300.292533114,14385.0,5944.07421875
2018-07-16,572128.8906102747,14373.0,5905.158203125
2018-07-17,566103.2568218872,14365.5,5861.5078125
2018-07-18,566833.8226245263,14377.0,5890.73095703125
2018-07-19,567546.37749975,14441.0,5871.0771484375
2018-07-20,571910.1065796454,14468.0,5872.7841796875
2018-07-23,569548.5074027039,14473.0,5915.7958984375
2018-07-24,573220.4930522885,14567.5,5931.841796875
2018-07-25,575775.0650104721,14543.2998046875,5933.88916015625
2018-07-26,569838.2884980413,14465.0,5946.13623046875
2018-07-27,570941.0402490312,14525.0,5989.13623046875
2018-07-30,565857.7010195672,14411.0,6027.93603515625
2018-07-31,566654.890823493,14403.0,5936.44287109375
2018-08-01,564211.9140822804,14409.2001953125,6033.4189453125
2018-08-02,563935.9893987702,14489.0,6011.72314453125
2018-08-03,566862.1695618435,14521.0,6007.5380859375
2018-08-06,562887.753672027,14486.0,6101.130859375
2018-08-07,565581.8505534416,14543.2998046875,6091.25
2018-08-08,562255.5933544582,14422.0,6094.8291015625
2018-08-09,560995.9185144331,14398.0,6065.255859375
2018-08-10,563506.963739762,14472.0,6077.1728515625
2018-08-13,554332.6508813945,14473.0,5861.24609375
2018-08-14,559764.7210121048,14594.0,5769.873046875
2018-08-15,554309.1613484012,14642.0,5816.58984375
2018-08-16,550437.4433597835,14555.7998046875,5783.7978515625
2018-08-17,552196.7765823681,14598.599609375,5783.7978515625
2018-08-20,556016.2139798877,14572.0,5892.19189453125
2018-08-21,558350.0520675301,14562.0,5944.30078125
2018-08-22,560390.0432885619,14570.0,5944.30078125
2018-08-23,556109.891169804,14572.0,5982.98486328125
2018-08-24,568720.044882911,14664.0,5968.75
2018-08-27,565911.5855128844,14559.0,6025.9677734375
2018-08-28,564852.1148825381,14551.0,6042.64990234375
2018-08-29,567445.4161107271,14653.0,6065.14892578125
2018-08-30,562894.140088108,14618.0,6018.9638671875
2018-08-31,569248.6704153446,14751.0,6018.4599609375
2018-09-03,569248.6704153446,14723.0,5967.5791015625
2018-09-04,568750.3231398797,14832.0,5905.30078125
2018-09-05,573564.3051264955,14930.0,5683.5009765625
2018-09-06,576926.1672689541,14979.900390625,5776.09521484375
2018-09-07,571520.3895510591,14893.0,5851.46484375
2018-09-10,568164.6438503705,14813.0,5831.1171875
2018-09-11,570518.2909452168,14844.5,5831.1171875
2018-09-12,574666.297218548,14837.0,5798.15087890625
2018-09-13,572219.0107222659,14807.0,5858.27392578125
2018-09-14,566312.4728728278,14740.0,5931.28076171875
2018-09-17,571124.0592538445,14807.0,5824.2568359375
2018-09-18,573595.1754749698,14907.099609375,5811.7900390625
2018-09-19,574633.2944547161,14867.0,5873.59716796875
2018-09-20,577049.3762257462,14880.0,5931.26611328125
2018-09-21,570419.3314508416,14832.0,5957.744140625
2018-09-24,571126.4752597677,14812.0,5882.22021484375
2018-09-25,573350.2660472294,14861.0,5874.298828125
2018-09-26,576644.7827414921,15021.5,5873.27099609375
2018-09-27,569606.8362624609,14985.0,5929.2158203125
2018-09-28,571503.2059827722,14918.7998046875,5976.55322265625
2018-10-01,568751.5500243265,14902.0,5944.60107421875
2018-10-02,581930.9097904883,15053.2998046875,5875.619140625
2018-10-03,579357.1827696994,15038.0,5867.73681640625
2018-10-04,582720.5856128527,15139.2001953125,5756.619140625
2018-10-05,595083.2027530996,15408.900390625,5731.93505859375
2018-10-08,577777.471038133,15173.0,5761.0732421875
2018-10-09,587807.7788045356,15400.0,5796.7900390625
2018-10-10,582079.6580227482,15223.0,5820.66796875
2018-10-11,597756.0724677286,15196.0,5702.82177734375
2018-10-12,599159.4317165118,15299.2001953125,5756.490234375
2018-10-15,599251.7745927281,15198.0,5727.255859375
2018-10-16,599525.816778746,15193.7998046875,5800.81689453125
2018-10-17,597735.7325752502,15193.0,5868.6201171875
2018-10-18,601915.0163309344,15264.2998046875,5845.2421875
2018-10-19,603855.2509673161,15328.5,5837.291015625
2018-10-22,596043.4182243232,15181.0,5840.43505859375
2018-10-23,605317.1377360034,15264.7001953125,5797.89111328125
2018-10-24,599343.7439952873,15183.0,5709.4169921875
2018-10-25,603396.469117928,15269.5,5754.96484375
2018-10-26,604582.1855828876,15257.2998046875,5784.9208984375
2018-10-29,598795.7946854855,15210.0,5754.60693359375
2018-10-30,601317.8474361243,15297.7998046875,5789.10009765625
2018-10-31,595289.2569068475,15273.099609375,5831.64990234375
2018-11-01,603863.1022232225,15196.0,5835.919921875
2018-11-02,596333.642139899,15068.7001953125,5906.2919921875
2018-11-05,590949.2992680939,14946.0,5920.59423828125
2018-11-06,587106.0919364977,14921.599609375,5923.93017578125
2018-11-07,584646.2705444373,14830.0,5939.88623046875
2018-11-08,573986.7103095722,14598.900390625,5976.80615234375
2018-11-09,570939.2306131143,14720.0,5874.15380859375
2018-11-12,566903.4712073953,14678.0,5777.05322265625
2018-11-13,570924.5865241252,14808.0,5835.1982421875
2018-11-14,574534.5409767708,14794.2998046875,5858.29296875
2018-11-15,577606.0805514059,14813.2998046875,5955.73583984375
2018-11-16,571560.5867340469,14562.2001953125,6012.35009765625
2018-11-19,574320.4187127693,14605.0,6005.296875
2018-11-20,574264.6820481919,14652.7001953125,6005.296875
2018-11-21,577925.2951152186,14664.2998046875,5948.0517578125
2018-11-22,577925.2951152186,14630.0,5990.81005859375
2018-11-23,573138.0712781519,14600.0,6006.2021484375
2018-11-26,570134.0971395778,14533.0,6022.77783203125
2018-11-27,565691.3544714805,14526.900390625,6013.5888671875
2018-11-28,572363.7550708817,14575.5,5991.24609375
2018-11-29,569075.5248732623,14459.7998046875,6107.16796875
2018-11-30,563190.3322463207,14356.0,6056.1240234375
2018-12-03,567133.4335050215,14296.0,6118.31982421875
2018-12-04,572158.520742899,14339.0,6152.85986328125
2018-12-05,572158.520742899,14448.599609375,6133.1201171875
2018-12-06,574461.4954597782,14431.599609375,6115.4931640625
2018-12-07,582362.4707629366,14528.0,6126.35595703125
2018-12-10,578315.3790987775,14463.0,6111.35986328125
2018-12-11,580872.2991038237,14548.0,6076.5869140625
2018-12-12,585618.3838941648,14637.400390625,6115.5771484375
2018-12-13,582516.9677168444,14579.7998046875,6177.72021484375
2018-12-14,578659.9578825535,14550.0,6169.8427734375
2018-12-17,584647.9513851561,14578.0,6089.30517578125
2018-12-18,585921.3134099216,14588.7001953125,6081.8671875
2018-12-19,583308.2658298981,14490.0,6176.09423828125
2018-12-20,588787.5784450944,14493.0,6147.8759765625
2018-12-21,585906.1747013747,14534.7998046875,6163.59619140625
2018-12-24,592846.1427170575,14548.0,6163.59619140625
2018-12-26,600251.781366672,14710.0,6127.85009765625
2018-12-27,599951.3827156089,14609.400390625,6190.64306640625
2018-12-28,599205.61015792,14561.599609375,6194.498046875
2018-12-31,598103.1269984312,14553.0,6194.498046875
2019-01-02,595536.1936759528,14460.0,6181.1748046875
2019-01-03,598468.0635910212,14409.7001953125,6221.009765625
2019-01-04,592837.6349649024,14375.400390625,6274.5400390625
2019-01-07,590247.9237587686,14267.0,6287.22412109375
2019-01-08,581005.511031026,14083.0,6262.84716796875
2019-01-09,586047.3609186114,14138.0,6272.23779296875
2019-01-10,583625.9684620249,14130.0,6328.7138671875
2019-01-11,581323.0169283601,14048.0,6361.46484375
2019-01-14,581811.8686731523,14038.0,6336.1162109375
2019-01-15,583769.8236755787,14117.0,6408.7841796875
2019-01-16,585971.5869755226,14111.0,6413.35986328125
2019-01-17,586903.08164676,14140.0,6423.77978515625
2019-01-18,583852.8008758184,14173.0,6448.15576171875
2019-01-21,583852.8008758184,14168.0,6450.833984375
2019-01-22,589924.8476859517,14307.0,6468.56201171875
2019-01-23,586116.8181434565,14208.0,6451.169921875
2019-01-24,581118.9848298664,14130.900390625,6466.65478515625
2019-01-25,591856.5096021713,14189.0,6482.8427734375
2019-01-28,589489.5283071414,14078.0,6458.7119140625
2019-01-29,591483.7852116347,14063.0,6436.47998046875
2019-01-30,592715.7054223324,14074.0,6464.18896484375
2019-01-31,595410.4655358697,14033.0,6532.96923828125
2019-02-01,591310.487275284,13966.0,6538.63818359375
2019-02-04,588748.6160825073,13933.0,6481.451171875
2019-02-05,589738.9624473595,13957.5,6481.451171875
2019-02-06,587335.1793206552,13950.5,6547.876953125
2019-02-07,585795.8538338669,13915.0,6536.45703125
2019-02-08,589873.6000149953,13966.0,6521.6630859375
2019-02-11,586529.0401401771,13958.0,6495.001953125
2019-02-12,590673.169090132,14033.0,6426.3251953125
2019-02-13,590539.5887996367,14012.7001953125,6419.1162109375
2019-02-14,595913.0159296156,14151.0,6420.01806640625
2019-02-15,596807.4961395585,14083.0,6389.0849609375
2019-02-18,596807.4961395585,14136.0,6497.81494140625
2019-02-19,611486.4534056751,14192.5,6494.6669921875
2019-02-20,608800.5895897781,14096.5,6512.7841796875
2019-02-21,597124.937707975,14033.0,6537.76611328125
2019-02-22,603414.5131752656,14120.0,6501.3779296875
2019-02-25,598975.0749286091,14051.0,6525.35791015625
2019-02-26,596909.5361594217,14011.0,6540.9501953125
2019-02-27,591415.4779481208,13960.0,6525.68310546875
2019-02-28,591537.6946107728,14015.0,6443.34814453125
2019-03-01,591608.7239871142,14194.0,6499.8837890625
2019-03-04,582762.6822983647,14108.0,6488.419921875
2019-03-05,585490.7004034915,14205.0,6441.27978515625
2019-03-06,584563.7241941001,14150.5,6457.9560546875
2019-03-07,586704.8979718483,14214.5,6457.9560546875
2019-03-08,593834.0491160058,14240.7998046875,6383.06787109375
2019-03-11,592657.0031793423,14303.0,6366.43408203125
2019-03-12,595272.3519029083,14283.0,6353.77392578125
2019-03-13,599364.5409680582,14258.0,6377.5751953125
2019-03-14,592901.0416221874,14258.0,6413.26611328125
2019-03-15,597965.4153907895,14287.0,6461.18310546875
2019-03-18,595771.4082289649,14251.0,6509.44677734375
2019-03-19,597924.8316105905,14251.0,6480.27587890625
2019-03-20,594692.2854341151,14223.0,6482.7099609375
2019-03-21,590198.3750015385,14055.0,6501.77587890625
2019-03-22,595972.8794173021,14133.0,6525.27392578125
2019-03-25,601715.5801004485,14158.0,6411.2509765625
2019-03-26,598889.9831864907,14173.0,6469.9990234375
2019-03-27,596463.8720972355,14163.0,6444.73779296875
2019-03-28,594899.9791177289,14346.0,6480.7880859375
2019-03-29,591761.5380905685,14235.0,6468.7548828125
2019-04-01,589573.4418147589,14233.0,6452.61083984375
2019-04-02,590595.9136431592,14240.0,6476.06591796875
2019-04-03,589430.4193096298,14213.0,6476.06591796875
2019-04-04,588894.818911055,14210.0,6494.6298828125
2019-04-05,587086.6862405644,14151.0,6474.01806640625
2019-04-08,588508.5233323822,14112.0,6425.73388671875
2019-04-09,594723.0536756313,14191.0,6484.34814453125
2019-04-10,594963.1795419425,14136.0,6478.326171875
2019-04-11,587344.8921787528,14177.0,6410.166015625
2019-04-12,586638.2386173254,14138.0,6405.8662109375
2019-04-15,582759.6729561937,14086.0,6435.15087890625
2019-04-16,579172.4067840191,14155.5,6481.541015625
2019-04-17,575861.3375520064,14079.0,6481.541015625
2019-04-18,575684.6831932474,14078.0,6507.22119140625
2019-04-19,575684.6831932474,14036.0,6507.22119140625
2019-04-22,574689.2150401081,14036.0,6414.7431640625
2019-04-23,573834.5406978854,14061.5,6462.82177734375
2019-04-24,576616.9562910927,14061.0,6447.884765625
2019-04-25,580567.2638485469,14154.0,6372.787109375
2019-04-26,591008.1566151651,14306.5,6401.080078125
2019-04-29,582293.5892801391,14165.0,6425.89501953125
2019-04-30,585278.6822357586,14191.0,6455.35205078125
2019-05-01,586782.21253973,14243.0,6455.35205078125
2019-05-02,581477.5432504145,14244.2998046875,6374.421875
2019-05-03,585815.8761712408,14244.0,6319.458984375
2019-05-06,586383.8572885939,14230.0,6256.35205078125
2019-05-07,589518.2535727491,14286.0,6297.31787109375
2019-05-08,590115.4635448952,14346.2998046875,6270.2021484375
2019-05-09,589600.7844776312,14288.0,6198.80419921875
2019-05-10,592884.8650363529,14343.0,6209.1181640625
2019-05-13,598480.2819759658,14318.0,6135.39599609375
2019-05-14,603462.1048390473,14497.400390625,6071.2021484375
2019-05-15,601107.1295593116,14423.0,5980.884765625
2019-05-16,600700.8857524073,14540.0,5895.73779296875
2019-05-17,597001.2297651389,14569.5,5826.8681640625
2019-05-20,592560.7069104022,14443.0,5907.12109375
2019-05-21,590861.3500088415,14448.0,5951.3720703125
2019-05-22,590861.3500088415,14448.0,5939.63623046875
2019-05-23,599698.6547779741,14518.0,6032.69580078125
2019-05-24,596177.2469336248,14453.0,6057.35302734375
2019-05-27,596177.2469336248,14386.0,6098.97412109375
2019-05-28,592828.5401964409,14445.0,6033.14208984375
2019-05-29,595679.6002629075,14468.0,6104.10595703125
2019-05-30,595599.528947173,14393.0,6104.10595703125
2019-05-31,604588.7602094243,14401.0,6209.1171875
2019-06-03,606757.5322172847,14268.0,6209.1171875
2019-06-10,607674.9852370413,14268.0,6289.60986328125
2019-06-11,608796.0116557672,14276.0,6305.9921875
2019-06-12,612112.6207335772,14294.5,6276.1767578125
2019-06-13,614068.1821535609,14262.0,6273.08203125
2019-06-14,614954.8106013177,14273.0,6250.26513671875
2019-06-17,616249.1649132383,14318.0,6190.52490234375
2019-06-18,624020.4076103304,14413.5,6257.330078125
2019-06-19,617733.0959903308,14289.5,6339.26220703125
2019-06-20,639497.5597161995,14280.0,6335.6982421875
2019-06-21,634817.9371926843,14142.0,6315.43603515625
2019-06-24,643320.4330966069,14148.0,6288.46484375
2019-06-25,645185.4950814104,14183.0,6320.44482421875
2019-06-26,640730.7362619083,14118.0,6310.48876953125
2019-06-27,643693.1710919384,14215.5,6352.7099609375
2019-06-28,642882.2787595436,14184.5,6358.62890625
2019-07-01,629062.8789444604,14121.0,6379.68798828125
2019-07-02,638998.4938846438,14150.0,6384.89794921875
2019-07-03,647054.7850510695,14196.0,6362.6220703125
2019-07-04,647054.7850510695,14178.5,6375.966796875
2019-07-05,635404.5142534451,14150.0,6373.47705078125
2019-07-08,632217.3388846914,14076.0,6351.8271484375
2019-07-09,637430.9161348401,14187.0,6388.3232421875
2019-07-10,645399.4969196845,14236.0,6410.68310546875
2019-07-11,639381.2638924717,14161.5,6417.06591796875
2019-07-12,640231.0976200176,14124.0,6373.34521484375
2019-07-15,635285.429028787,14000.0,6418.23388671875
2019-07-16,630353.4624931052,13913.0,6401.8798828125
2019-07-17,640129.944668889,14008.5,6394.60888671875
2019-07-18,642956.5790872925,14023.0,6403.2939453125
2019-07-19,640077.3758237994,13970.0,6456.5390625
2019-07-22,638838.3294713743,13941.0,6433.546875
2019-07-23,639064.3933408256,13997.0,6403.81005859375
2019-07-24,642200.7132797932,14039.0,6384.98681640625
2019-07-25,637660.7967742621,14027.5,6401.365234375
2019-07-26,640884.6344318414,14052.7001953125,6325.23681640625
2019-07-29,638839.386508797,13997.0,6299.03515625
2019-07-30,646556.1596985417,14066.0,6376.99609375
2019-07-31,644946.4932773589,14066.400390625,6390.5048828125
2019-08-01,647099.1639469897,14165.0,6381.5419921875
2019-08-02,665970.1335917468,14329.0,6340.18017578125
2019-08-05,667377.4801543071,14173.0,6175.703125
2019-08-06,674482.1498497456,14248.0,6119.47119140625
2019-08-07,690953.8828810714,14258.0,6204.19482421875
2019-08-08,687347.6603277101,14274.5,6274.6708984375
2019-08-09,685014.4052093558,14236.5,6282.1318359375
2019-08-12,686407.336554706,14183.0,6250.59521484375
2019-08-13,687794.9267651123,14241.0,6210.9619140625
2019-08-14,693667.96570824,14232.7998046875,6267.3349609375
2019-08-15,695615.1060939309,14238.0,6257.5859375
2019-08-16,696984.6641053257,14333.0,6286.6572265625
2019-08-19,686343.7088225853,14228.0,6296.71484375
2019-08-20,693552.2026814049,14337.2998046875,6295.73779296875
2019-08-21,693010.4046974563,14326.099609375,6252.966796875
2019-08-22,687188.200589049,14275.0,6239.2451171875
2019-08-23,698328.6270881642,14228.0,6255.59716796875
2019-08-26,697111.8521598001,14206.0,6214.509765625
2019-08-27,706194.0135040571,14253.7998046875,6278.1708984375
2019-08-28,709177.2964466793,14343.7998046875,6281.64599609375
2019-08-29,702371.0885223679,14311.2998046875,6289.119140625
2019-08-30,695044.3439665464,14231.0,6328.47021484375
2019-09-02,695044.3439665464,14178.0,6290.5458984375
2019-09-03,708996.2174117576,14265.0,6261.58984375
2019-09-04,710799.8845504917,14260.7001953125,6269.6640625
2019-09-05,689210.1771620983,14146.0,6306.80322265625
2019-09-06,686299.5249349264,14172.2998046875,6308.9501953125
2019-09-09,680405.5142382489,14088.0,6326.212890625
2019-09-10,671949.069550553,14024.0,6336.6728515625
2019-09-11,677247.369982823,14095.7998046875,6381.9541015625
2019-09-12,679706.8361001367,14106.400390625,6342.173828125
2019-09-13,670254.3135461229,13983.0,6334.8427734375
2019-09-16,674530.823194448,13958.0,6219.43505859375
2019-09-17,685701.5413082313,14170.2998046875,6236.68994140625
2019-09-18,684686.6335160483,14126.7998046875,6276.6328125
2019-09-19,680515.0142226132,14126.0,6244.47021484375
2019-09-20,686107.804308473,14158.0,6231.47314453125
2019-09-23,688184.188726751,14048.0,6206.19921875
2019-09-24,693455.8315398212,14078.0,6137.60791015625
2019-09-25,685812.3664541716,14177.2998046875,6146.40380859375
2019-09-26,688782.1131244524,14211.2998046875,6230.333984375
2019-09-27,686173.1393453763,14236.7998046875,6196.88916015625
2019-09-30,667171.8587519542,14158.0,6169.10205078125
2019-10-01,677517.0440274004,14219.400390625,6138.25
2019-10-02,685556.4807819056,14206.0,6055.4248046875
2019-10-03,687470.3635800885,14188.0,6038.52880859375
2019-10-04,685994.4542672298,14166.0,6061.251953125
2019-10-07,680293.3724550693,14128.0,6000.58203125
2019-10-08,685433.4304728379,14239.5,6039.60107421875
2019-10-09,688079.4975831071,14210.0,6029.16015625
2019-10-10,683277.4348293236,14217.5,6023.64111328125
2019-10-11,674290.3791961089,14145.0,6105.7998046875
2019-10-14,677232.3053835756,14121.0,6126.876953125
2019-10-15,673087.4420592331,14168.5,6158.166015625
2019-10-16,680097.3523879949,14216.0,6169.591796875
2019-10-17,682446.5379951211,14224.0,6181.01416015625
2019-10-18,678681.5698361103,14184.5,6191.94677734375
2019-10-21,673820.3592896624,14138.0,6198.98681640625
2019-10-22,671811.0039513678,14102.5,6225.4970703125
2019-10-23,672654.88105308,14042.5,6257.80615234375
2019-10-24,674043.5848531353,13987.0,6339.64697265625
2019-10-25,679254.9150417155,14089.5,6252.34521484375
2019-10-28,672005.4013213947,14028.0,6265.3837890625
2019-10-29,670174.2890671468,14018.0,6281.13818359375
2019-10-30,672968.5378020912,14018.0,6295.7470703125
2019-10-31,683211.9968254929,14060.0,6228.31689453125
2019-11-01,684753.7415403412,14123.5,6207.19091796875
2019-11-04,679444.8213223593,14014.0,6180.34423828125
2019-11-05,669284.3919952989,14058.0,6264.15185546875
2019-11-06,672119.536869312,14028.5,6217.544921875
2019-11-07,659427.8108899521,14008.0,6165.6240234375
2019-11-08,658356.6988997546,14013.0,6177.98583984375
2019-11-11,655792.2373838555,14014.0390625,6148.740234375
2019-11-12,653474.1769217214,13997.2001953125,6180.9921875
2019-11-13,651005.8262340932,13852.7470703125,6142.5009765625
2019-11-14,656398.1979263171,13871.640625,6098.9501953125
2019-11-15,664126.2265469269,14078.0,6128.34521484375
2019-11-18,654514.817621496,13840.302734375,6122.625
2019-11-19,669731.3611130856,14139.0,6152.08984375
2019-11-20,667078.7720882371,14083.0,6155.10888671875
2019-11-21,660215.5824196973,14035.2783203125,6117.36376953125
2019-11-22,661848.8805598773,14070.0,6100.2421875
2019-11-25,659517.8846659611,14083.01171875,6070.76220703125
2019-11-26,660062.6966590439,14063.748046875,6026.18798828125
2019-11-27,657834.827067731,14078.0,6023.0390625
2019-11-28,657834.827067731,14087.1298828125,5953.06005859375
2019-11-29,653492.6290099077,13868.66015625,6011.830078125
2019-12-02,652006.4493978171,13868.345703125,6130.05517578125
2019-12-03,671211.4854072197,14123.2763671875,6133.89599609375
2019-12-04,668106.5474946549,14098.0,6112.87890625
2019-12-05,664524.7529063788,13994.884765625,6152.1171875
2019-12-06,659476.5044701436,14058.0,6186.8681640625
2019-12-09,657895.7238791389,14022.3798828125,6193.791015625
2019-12-10,658547.3813263136,14004.6005859375,6183.5048828125
2019-12-11,662383.9034934838,14021.0,6180.09912109375
2019-12-12,659073.673932437,13976.61328125,6139.39697265625
2019-12-13,661020.7992841091,13933.3564453125,6197.31787109375
2019-12-16,662419.8225656879,13968.525390625,6211.591796875
2019-12-17,664799.0791278733,14022.5,6244.35205078125
2019-12-18,663968.4298428533,14024.0,6287.25
2019-12-19,663780.6146104815,13966.919921875,6249.93017578125
2019-12-20,662741.695929649,13978.15625,6284.3720703125
2019-12-23,665266.41418407,13957.5810546875,6305.91015625
2019-12-24,672621.4099608128,13955.626953125,6305.91015625
2019-12-26,678914.494611677,13991.0,6319.44287109375
2019-12-27,680281.6461972162,13977.5,6329.31396484375
2019-12-30,679444.2233628752,13953.841796875,6299.5390625
2019-12-31,679985.226742971,13919.0,6299.5390625
2020-01-02,670960.9316758212,13689.2314453125,6283.5810546875
2020-01-03,691572.009548284,13884.7861328125,6323.4658203125
2020-01-06,701654.9801495718,13934.31640625,6257.40283203125
2020-01-07,703768.8163713049,13926.5,6279.34619140625
2020-01-08,694353.825002892,13867.236328125,6225.68603515625
2020-01-09,692795.4497513414,13886.939453125,6274.4931640625
2020-01-10,692411.6434406999,13827.560546875,6274.94091796875
2020-01-13,673176.2669413228,13522.4345703125,6296.56689453125
2020-01-14,677652.556259765,13665.3046875,6325.40576171875
2020-01-15,682050.7213315711,13668.0400390625,6283.365234375
2020-01-16,680541.8926113119,13665.0966796875,6286.0478515625
2020-01-17,682737.732576255,13623.0,6291.6572265625
2020-01-20,682737.732576255,13456.98828125,6245.04296875
2020-01-21,681286.2324946537,13615.0,6238.15283203125
2020-01-22,682604.8826194073,13651.0,6233.453125
2020-01-23,685448.4005813105,13626.38671875,6249.2099609375
2020-01-24,687427.3211462301,13609.1884765625,6244.10888671875
2020-01-27,695132.0813975505,13711.9736328125,6133.2080078125
2020-01-28,666620.0244539523,13213.240234375,6111.18408203125
2020-01-29,688110.7870729229,13634.0,6113.044921875
2020-01-30,693098.5964859512,13614.0146484375,6057.59619140625
2020-01-31,694320.2856987155,13643.1806640625,5940.0478515625
2020-02-03,691310.2115449619,13633.126953125,5884.169921875
2020-02-04,684666.3409371729,13735.5,5922.3388671875
2020-02-05,686276.8063594744,13702.4072265625,5978.509765625
2020-02-06,687774.8566182422,13668.267578125,5987.14501953125
2020-02-07,690812.3672762285,13698.0,5999.60693359375
2020-02-10,692377.5736906908,13675.853515625,5952.0830078125
2020-02-11,689168.5091744552,13691.58984375,5954.39697265625
2020-02-12,688245.6964637359,13657.5537109375,5913.0810546875
2020-02-13,683685.4694489506,13500.7373046875,5871.9541015625
2020-02-14,696889.7239706614,13695.400390625,5866.94482421875
2020-02-17,696889.7239706614,13681.2900390625,5867.52294921875
2020-02-18,702132.7483241436,13649.2412109375,5886.9619140625
2020-02-19,711561.7213496873,13768.0,5928.791015625
2020-02-20,715277.9868507939,13762.0,5942.48681640625
2020-02-21,724572.6962064703,13703.482421875,5882.2548828125
2020-02-24,740477.2476208201,13771.486328125,5807.0498046875
2020-02-25,734928.7553236524,13879.9296875,5787.13818359375
2020-02-26,741159.6765637307,14056.5,5688.9208984375
2020-02-27,734542.4148407736,13931.0,5535.69384765625
2020-02-28,719907.8962331661,14316.0,5452.7041015625
2020-03-02,715274.989566654,13971.9619140625,5361.24609375
2020-03-03,750740.645034547,14220.0,5518.6279296875
2020-03-04,749201.8294832581,14199.5,5650.13623046875
2020-03-05,763778.955681736,14256.0,5638.1298828125
2020-03-06,768674.8991610162,14309.599609375,5498.5400390625
2020-03-09,767251.3434229669,14251.5390625,5136.80908203125
2020-03-10,751835.4138899894,14094.818359375,5220.826171875
2020-03-11,753212.3088922905,14272.900390625,5154.10498046875
2020-03-12,742237.1279527174,14526.0,4895.748046875
2020-03-13,723653.10254159,14850.0,4907.57080078125
2020-03-16,699155.4079768317,14635.0224609375,4690.6572265625
2020-03-17,744812.6793093523,15192.0,4456.7490234375
2020-03-18,710344.0599809847,14955.7880859375,4330.673828125
2020-03-19,735627.6728408246,15474.5,4105.421875
2020-03-20,758997.2832639413,15908.0,4194.94384765625
2020-03-23,794306.4015040008,15766.2470703125,3989.51708984375
2020-03-24,880970.6126684385,16504.80078125,3937.632080078125
2020-03-25,851035.8558304142,16216.5,3937.632080078125
2020-03-26,872582.9418126862,16447.720703125,4338.90380859375
2020-03-27,846767.8738258053,16218.63671875,4545.57080078125
2020-03-30,834653.7626518117,16005.3349609375,4414.5
2020-03-31,832182.2268819365,16346.9619140625,4538.93017578125
2020-04-01,825947.2218542662,16277.943359375,4466.037109375
2020-04-02,857855.2937596317,16412.80859375,4531.68505859375
2020-04-03,863571.3555691838,16441.263671875,4623.42919921875
2020-04-06,885205.3948912501,16418.0,4811.8271484375
2020-04-07,875910.0267752857,16364.6484375,4778.63916015625
2020-04-08,868748.3851051542,16225.0,4626.69482421875
2020-04-09,902017.762534234,16159.376953125,4649.0791015625
2020-04-10,902017.762534234,15811.9677734375,4649.0791015625
2020-04-13,886326.0009800947,15800.0,4623.89404296875
2020-04-14,889603.4507662547,15751.0,4706.4912109375
2020-04-15,865076.9085310267,15578.3466796875,4625.90478515625
2020-04-16,878771.0510996646,15887.5,4480.60693359375
2020-04-17,845500.9003578481,15568.3388671875,4634.82080078125
2020-04-20,843756.3754388385,15423.0,4575.90478515625
2020-04-21,829675.6003753721,15377.080078125,4501.9189453125
2020-04-22,855620.117861474,15394.6787109375,4567.56201171875
2020-04-23,858673.9558842825,15408.6220703125,4593.55419921875
2020-04-24,868025.3829954828,15665.0,4496.06396484375
2020-04-27,844776.8086890909,15348.744140625,4513.14111328125
2020-04-28,842086.4472490787,15312.3857421875,4529.55419921875
2020-04-29,841450.352286358,15364.5947265625,4567.3232421875
2020-04-30,824928.8478094107,15234.63671875,4716.40283203125
2020-05-01,830756.3618242319,15249.0,4716.40283203125
2020-05-04,805116.1527859794,14671.0,4605.48681640625
2020-05-05,824376.4839096937,15044.0,4630.1328125
2020-05-06,830363.3433928884,15335.0,4608.7900390625
2020-05-07,830264.401875888,14998.33203125,4608.7900390625
2020-05-08,837097.0364027498,15227.0,4597.43017578125
2020-05-11,802391.6115521415,14721.3984375,4639.10498046875
2020-05-12,813674.5052938648,14848.7001953125,4588.73388671875
2020-05-13,826216.244669071,14994.0,4554.35888671875
2020-05-14,829660.6388445336,14846.873046875,4513.833984375
2020-05-15,834892.0531468085,14810.1201171875,4507.60693359375
2020-05-18,826994.5866299337,14853.0,4511.05810546875
2020-05-19,834317.902279009,14878.0,4548.65576171875
2020-05-20,830087.6564738249,14748.447265625,4545.9521484375
2020-05-21,817062.5653061552,14771.0,4545.9521484375
2020-05-26,794849.3715126478,14501.7578125,4626.798828125
2020-05-27,816562.6288069722,14850.0,4641.55517578125
2020-05-28,820115.6711295365,14888.5,4716.18505859375
2020-05-29,834920.5644420418,14825.0,4753.61181640625
2020-06-01,821760.6254291997,14603.0,4753.61181640625
2020-06-02,812463.1954603179,14573.5,4847.5068359375
2020-06-03,786192.8903069829,14343.8232421875,4941.005859375
2020-06-04,784740.0564235762,14130.0,4916.7041015625
2020-06-05,762158.8486198297,14085.447265625,4947.7822265625
2020-06-08,759972.381293033,13863.0,5070.56103515625
2020-06-09,778964.1206686319,14070.7998046875,5035.05517578125
2020-06-10,766322.5631508897,13852.103515625,4920.68212890625
2020-06-11,780161.8029375515,13947.443359375,4854.75390625
2020-06-12,808507.6665580114,14475.0,4880.35888671875
2020-06-15,783982.7964905727,14118.0,4816.3359375
2020-06-16,780952.9116560938,13988.119140625,4986.4580078125
2020-06-17,796556.3248987817,14275.0,4987.77587890625
2020-06-18,784903.4617578337,14102.7353515625,4925.248046875
2020-06-19,788912.9759374447,13997.6923828125,4942.27490234375
2020-06-22,800356.0867448159,14093.0,4918.8310546875
2020-06-23,806687.3551961597,14080.134765625,4879.1328125
2020-06-24,805449.5941527179,14113.177734375,4964.73486328125
2020-06-25,813433.661334571,14289.2998046875,4896.72998046875
2020-06-26,822863.9834641678,14376.2001953125,4904.087890625
2020-06-29,813933.9593938257,14213.0,4901.81787109375
2020-06-30,837641.9197730209,14470.2001953125,4905.39208984375
2020-07-01,812255.5767705023,14194.05078125,4914.38818359375
2020-07-02,816508.320066974,14187.8583984375,4966.77978515625
2020-07-03,816508.320066974,14298.779296875,4973.7939453125
2020-07-06,836276.6408925041,14503.0,4988.8662109375
2020-07-07,826670.9728539493,14206.5087890625,4987.08203125
2020-07-08,847771.4645103903,14483.5,5076.173828125
2020-07-09,832181.1636225083,14349.5654296875,5052.7939453125
2020-07-10,842667.1447603396,14545.7001953125,5031.255859375
2020-07-13,841507.6903806294,14428.0,5064.44677734375
2020-07-14,850278.1344882308,14584.0,5079.1220703125
2020-07-15,858128.3118311777,14715.400390625,5075.7978515625
2020-07-16,842814.4240216445,14561.171875,5098.3740234375
2020-07-17,846833.9585351126,14552.2099609375,5079.5849609375
2020-07-20,858230.4743386998,14688.0,5051.10595703125
2020-07-21,886235.1270704719,14949.2998046875,5114.708984375
2020-07-22,877089.733546756,14626.8623046875,5110.18701171875
2020-07-23,888989.985049914,14630.0,5145.009765625
2020-07-24,889400.578819757,14578.904296875,5082.9912109375
2020-07-27,906598.7107560242,14603.0,5116.666015625
2020-07-28,913702.8419052737,14614.5,5112.98876953125
2020-07-29,919030.9533416877,14633.5,5149.6298828125
2020-07-30,902870.8559607829,14458.3447265625,5149.626953125
2020-07-31,914187.6159665715,14486.6689453125,5149.626953125
2020-08-03,922399.0226180333,14593.0,5006.22314453125
2020-08-04,944819.7513380225,14540.9208984375,5075.001953125
2020-08-05,969848.9468628933,14720.0,5127.05078125
2020-08-06,951926.1225888133,14307.642578125,5178.27197265625
2020-08-07,949887.6608540838,14568.45703125,5143.89306640625
2020-08-10,958616.6793521779,14618.0,5157.833984375
2020-08-11,927598.575198342,14823.7998046875,5190.169921875
2020-08-12,931059.7360425675,14858.5,5233.4521484375
2020-08-13,929392.6257661617,14670.8095703125,5239.25
2020-08-14,919844.5610357247,14673.4970703125,5247.68994140625
2020-08-17,950271.6696812155,14788.0,5247.68994140625
2020-08-18,968858.7959844812,14969.400390625,5295.173828125
2020-08-19,924737.8107851988,14598.072265625,5272.81005859375
2020-08-20,919583.1651595178,14694.197265625,5272.81005859375
2020-08-24,920486.378674476,14764.0,5277.041015625
2020-08-25,904521.9841512319,14629.400390625,5338.88818359375
2020-08-26,916987.9477019517,14607.7001953125,5340.328125
2020-08-27,897680.7005873356,14447.3828125,5371.47216796875
2020-08-28,917241.257965784,14446.00390625,5346.6591796875
2020-08-31,929900.9578701828,14618.0,5238.48681640625
2020-09-01,928877.6849210506,14599.7001953125,5310.67919921875
2020-09-02,926510.8407988532,14818.599609375,5311.97021484375
2020-09-03,907433.0368284446,14565.1474609375,5280.81298828125
2020-09-04,904602.5030530428,14545.9873046875,5239.85107421875
2020-09-07,904602.5030530428,14741.0,5230.19580078125
2020-09-08,924321.8055070294,14795.0,5244.07177734375
2020-09-09,937441.9350220084,14915.2001953125,5149.3759765625
2020-09-10,939360.2703853794,14874.2001953125,4891.4609375
2020-09-11,930469.8038917937,14857.470703125,5016.7119140625
2020-09-14,939628.8640600259,14883.0,5161.828125
2020-09-15,947178.1943634572,14983.5,5100.865234375
2020-09-16,942033.7270813072,14869.599609375,5058.48193359375
2020-09-17,928611.3648099374,14812.5869140625,5038.40087890625
2020-09-18,932870.3984749254,14788.0,5059.22314453125
2020-09-21,904699.3566778558,14728.0,4999.35986328125
2020-09-22,910098.7969293798,14839.2001953125,4934.0927734375
2020-09-23,885593.1945135246,14742.5859375,4917.955078125
2020-09-24,893327.132566209,14803.9853515625,4842.755859375
2020-09-25,890417.6500804179,14839.578125,4945.791015625
2020-09-28,899468.7294269912,14863.0,4906.5478515625
2020-09-29,911328.2443884437,14893.599609375,4879.09814453125
2020-09-30,908640.6674490009,14910.0,4870.0390625
2020-10-01,916701.606781027,14879.0,4970.09423828125
2020-10-02,908771.5019750413,14817.55859375,4926.73388671875
2020-10-05,916914.3323863208,14853.0,4958.76904296875
2020-10-06,907049.4735761603,14780.1826171875,4999.22119140625
2020-10-07,898059.3541349974,14773.0,5004.3271484375
2020-10-08,896598.2507028104,14715.5,5039.14208984375
2020-10-09,908927.5856135499,14676.99609375,5053.6630859375
2020-10-12,911194.1761768232,14693.0,5093.09912109375
2020-10-13,882320.8270709083,14484.9921875,5132.57177734375
2020-10-14,907122.6589391693,14793.0,5176.09912109375
2020-10-15,901038.3034175644,14681.462890625,5105.14990234375
2020-10-16,898083.0568176266,14652.5,5103.4140625
2020-10-19,903069.0238258832,14693.0,5126.330078125
2020-10-20,905740.6259450554,14708.0,5099.83984375
2020-10-21,911167.4248878743,14688.0,5096.44580078125
2020-10-22,896455.892474094,14639.775390625,5091.81591796875
2020-10-23,896743.0142133627,14639.8525390625,5112.18798828125
2020-10-26,897157.8560027186,14642.7822265625,5144.048828125
2020-10-27,905081.3803236135,14724.2001953125,5128.22509765625
2020-10-28,885316.2043954646,14653.2744140625,5128.22509765625
2020-11-02,887499.045996381,14586.169921875,5115.1279296875
2020-11-03,896985.9255282184,14603.9580078125,5159.4521484375
2020-11-04,886473.8629619208,14540.892578125,5105.19921875
2020-11-05,898807.1664337413,14360.0,5260.326171875
2020-11-06,894543.5241662916,14256.0,5335.52880859375
2020-11-09,846529.0874547,14198.671875,5356.0048828125
2020-11-10,860052.2420861815,14256.3603515625,5462.73876953125
2020-11-11,840411.5190814971,14041.544921875,5509.51318359375
2020-11-12,835903.0737487801,13878.9892578125,5458.60205078125
2020-11-13,857092.945551415,14133.4912109375,5461.05810546875
2020-11-16,857945.5703393125,14135.5595703125,5494.8720703125
2020-11-17,853908.7544555751,14089.2001953125,5529.93994140625
2020-11-18,845054.9678788309,14026.451171875,5557.51806640625
2020-11-19,844475.3054664014,14110.2001953125,5594.05908203125
2020-11-20,854218.0088362842,14189.900390625,5571.65576171875
2020-11-23,836133.9507909819,14150.9912109375,5652.76416015625
2020-11-24,821818.9812429689,14164.60546875,5701.02880859375
2020-11-25,819744.0656956059,14121.7998046875,5679.2470703125
2020-11-26,819744.0656956059,14127.470703125,5759.916015625
2020-11-27,796188.7450914175,13897.6689453125,5783.3349609375
2020-11-30,802779.7999433146,14061.64453125,5612.4150390625
2020-12-01,822081.8310309547,14094.935546875,5724.7421875
2020-12-02,834088.9066459186,14175.0,5813.98681640625
2020-12-03,833221.2250872559,14076.419921875,5822.94189453125
2020-12-04,833692.3447120099,14092.798828125,5810.48291015625
2020-12-07,844494.3745026685,14076.490234375,5930.7587890625
2020-12-08,852531.4207496933,14143.0,5944.4091796875
2020-12-09,832434.1392290809,14083.0107421875,5944.4091796875
2020-12-10,835893.3993106558,14150.0,5933.6982421875
2020-12-11,834718.526638355,14082.5927734375,5938.3291015625
2020-12-14,828720.3244425828,14069.1572265625,6012.51611328125
2020-12-15,848325.5096421719,14221.900390625,6010.1279296875
2020-12-16,848156.2735243445,14190.0,6118.40185546875
2020-12-17,855175.2598608347,14070.537109375,6113.3818359375
2020-12-18,855305.2137419053,14083.8505859375,6104.32421875
2020-12-21,851640.3688317983,14068.9375,6165.6240234375
2020-12-22,847898.1050582811,14100.7314453125,6023.2890625
2020-12-23,864927.7424439207,14324.2001953125,6008.708984375
2020-12-24,856541.6742141828,14146.9013671875,6008.708984375
2020-12-28,841015.1487730289,13911.1435546875,6093.55419921875
2020-12-29,855147.2314539625,14126.1201171875,6036.173828125
2020-12-30,856494.1689624626,14069.9091796875,5979.0732421875
2020-12-31,842801.7201919477,13832.5595703125,5979.0732421875
2021-01-04,877592.5557776568,14022.5009765625,6104.89794921875
2021-01-05,875384.7400954742,13931.400390625,6137.3427734375
2021-01-06,854784.7560535666,13930.0,6065.68212890625
2021-01-07,858346.8117538928,13951.5,6153.6328125
2021-01-08,819816.7831394967,13892.9775390625,6257.8349609375
2021-01-11,824816.0515832481,13861.392578125,6382.93701171875
2021-01-12,835354.3828644697,14088.7353515625,6395.6689453125
2021-01-13,836762.6523258835,14031.078125,6435.205078125
2021-01-14,843214.8390325722,14166.0,6428.31494140625
2021-01-15,827371.64248744,14063.1474609375,6373.412109375
2021-01-18,827371.64248744,13880.779296875,6389.833984375
2021-01-19,834256.3091636093,14100.7998046875,6321.85595703125
2021-01-20,847451.6694262704,14122.0,6429.7578125
2021-01-21,842092.1178368569,14037.2001953125,6413.89208984375
2021-01-22,833152.7069514984,13960.76171875,6307.126953125
2021-01-25,835813.4313460009,14012.8955078125,6258.57177734375
2021-01-26,841945.729433098,14148.5,6140.1708984375
2021-01-27,838830.8757941605,14142.0,6109.16796875
2021-01-28,838779.9072952438,14195.0,5979.38720703125
2021-01-29,822868.5331221268,13854.8642578125,5862.35205078125
2021-02-01,828661.2235818837,13828.13671875,6067.544921875
2021-02-02,832216.8966415336,14118.5,6043.8408203125
2021-02-03,825733.6384505443,13995.53515625,6077.7451171875
2021-02-04,805313.0485466615,13983.9521484375,6107.2158203125
2021-02-05,816660.1410223629,14010.4736328125,6151.72900390625
2021-02-08,825657.0284601972,14001.103515625,6208.8662109375
2021-02-09,826513.7421262127,13990.4599609375,6181.671875
2021-02-10,828777.3698360594,13989.1884765625,6201.828125
2021-02-11,823846.9717206138,14027.0,6222.52099609375
2021-02-12,819248.0110881056,13976.240234375,6222.52099609375
2021-02-15,819248.0110881056,13966.0,6270.32421875
2021-02-16,804369.0581445817,13907.0,6292.39599609375
2021-02-17,800189.5218145167,14039.2001953125,6227.72802734375
2021-02-18,799372.0138132566,14007.474609375,6200.30810546875
2021-02-19,799922.7706662257,13998.1982421875,6231.93212890625
2021-02-22,808072.9701798414,13898.4169921875,6255.31201171875
2021-02-23,819106.823117789,14107.6962890625,6272.80712890625
2021-02-24,813970.7713021277,14081.6171875,6251.05419921875
2021-02-25,804707.9626867315,14097.7998046875,6289.64599609375
2021-02-26,776382.074540737,13968.185546875,6241.7958984375
2021-03-01,781665.6610251358,14110.5849609375,6338.51318359375
2021-03-02,794000.8901687203,14245.6201171875,6359.205078125
2021-03-03,785493.2259796137,14239.181640625,6376.7568359375
2021-03-04,784585.1302703951,14349.0,6290.798828125
2021-03-05,779195.0256709704,14268.8798828125,6258.7490234375
2021-03-08,770789.2920762534,14287.392578125,6248.46484375
2021-03-09,791808.9759577867,14344.4755859375,6199.64697265625
2021-03-10,796754.9665723537,14393.0,6264.67919921875
2021-03-11,797402.0431297548,14398.0,6264.67919921875
2021-03-12,789797.0514332133,14283.900390625,6358.208984375
2021-03-15,799746.0952426083,14385.208984375,6324.2587890625
2021-03-16,804917.0657040204,14464.0,6309.69921875
2021-03-17,801123.1822067007,14427.5,6277.22802734375
2021-03-18,802263.3304933528,14403.0,6347.8291015625
2021-03-19,808091.4365059021,14431.0,6356.16015625
2021-03-22,803135.3644634483,14372.2001953125,6301.130859375
2021-03-23,797328.0142779665,14375.7998046875,6252.7119140625
2021-03-24,808299.1268417905,14505.5,6156.14013671875
2021-03-25,801998.0274558379,14460.0,6122.8759765625
2021-03-26,805144.8583779514,14456.400390625,6195.56201171875
2021-03-29,793303.4384020412,14411.0,6166.81787109375
2021-03-30,785643.1691988449,14511.7001953125,6071.44189453125
2021-03-31,804734.1846780834,14605.0,5985.52197265625
2021-04-01,811645.3375533877,14606.0,6011.4560546875
2021-04-02,811645.3375533877,14553.0,6011.4560546875
2021-04-05,806941.955371155,14518.0,5970.2861328125
2021-04-06,814197.6285765168,14529.2001953125,6002.77001953125
2021-04-07,809685.6555310203,14460.2998046875,6036.6162109375
2021-04-08,827617.6470528211,14641.0,6071.72412109375
2021-04-09,822415.1756759128,14660.7001953125,6070.208984375
2021-04-12,810990.5923500621,14558.0,5948.56884765625
2021-04-13,820993.0318427316,14611.900390625,5927.43505859375
2021-04-14,816198.047347684,14621.099609375,6050.27587890625
2021-04-15,833529.0308619932,14673.7998046875,6079.5009765625
2021-04-16,836542.5912301871,14616.0,6086.2578125
2021-04-19,828729.7070934165,14558.0,6052.5400390625
2021-04-20,833066.6438089891,14570.0,6038.32177734375
2021-04-21,838407.6362838987,14543.2001953125,5993.2421875
2021-04-22,834420.7162553049,14564.2001953125,5994.18408203125
2021-04-23,834877.5378577892,14606.599609375,6016.86376953125
2021-04-26,830886.9241582665,14518.0,5964.82080078125
2021-04-27,826940.2636742293,14459.599609375,5959.62109375
2021-04-28,827901.7797782884,14516.400390625,5974.47900390625
2021-04-29,825435.993021221,14519.0,6012.9609375
2021-04-30,820649.0372527343,14439.7001953125,5995.6162109375
2021-05-03,831739.4860700715,14438.0,5952.59716796875
2021-05-04,822184.0277219606,14399.099609375,5963.81982421875
2021-05-05,830810.855921466,14482.5,5975.9111328125
2021-05-06,840586.1541916316,14399.5,5970.240234375
2021-05-07,840996.1348329089,14283.7998046875,5928.30908203125
2021-05-10,843546.6250234223,14278.0,5975.787109375
2021-05-11,837639.6063577303,14189.599609375,5938.35107421875
2021-05-12,833353.6963472258,14220.0,5938.35107421875
2021-05-17,852094.1776179542,14191.0,5833.85986328125
2021-05-18,861495.5230118796,14344.5,5834.39404296875
2021-05-19,868798.2729441874,14362.2998046875,5760.583984375
2021-05-20,870640.8329888802,14389.7001953125,5797.59716796875
2021-05-21,868693.6145599008,14397.2998046875,5773.1201171875
2021-05-24,869317.1508029643,14348.0,5763.6318359375
2021-05-25,876582.0566817239,14365.0,5815.83984375
2021-05-26,878451.1621176946,14371.400390625,5815.83984375
2021-05-27,872167.6435536043,14310.0,5841.828125
2021-05-28,875785.5225296188,14318.0,5848.6162109375
2021-05-31,875785.5225296188,14278.0,5947.462890625
2021-06-01,872618.4352243317,14247.5,5947.462890625
2021-06-02,875108.5954293571,14251.5,6031.578125
2021-06-03,860699.5795864454,14290.7001953125,6091.51318359375
2021-06-04,873506.8400662305,14360.0,6065.166015625
2021-06-07,872250.8752280693,14288.0,6069.93505859375
2021-06-08,867702.0254252718,14246.5,5999.369140625
2021-06-09,870308.3415049753,14281.0,6047.47509765625
2021-06-10,871880.024727799,14300.0,6107.5380859375
2021-06-11,861043.9420687777,14248.5,6095.4970703125
2021-06-14,850778.6630520757,14182.0,6080.3837890625
2021-06-15,851550.0618363733,14267.5,6089.0380859375
2021-06-16,854609.6228747711,14280.2998046875,6078.56787109375
2021-06-17,825474.4612783792,14466.5,6068.44677734375
2021-06-18,827793.1630044146,14554.7001953125,6007.1201171875
2021-06-21,823595.6580700323,14368.0,5996.2529296875
2021-06-22,822243.5778655335,14388.7998046875,6087.841796875
2021-06-23,831108.5039909282,14495.0,6034.54296875
2021-06-24,823319.2103529788,14413.2998046875,6012.05615234375
2021-06-25,829424.7404884099,14511.2001953125,6022.39892578125
2021-06-28,825441.892262803,14418.0,5939.47119140625
2021-06-29,823582.2221095936,14525.0,5949.0498046875
2021-06-30,833247.4644594016,14629.099609375,5985.48876953125
2021-07-01,834122.2980984851,14601.599609375,6005.9580078125
2021-07-02,836015.6261701739,14581.400390625,6023.0078125
2021-07-05,836015.6261701739,14526.0,6005.60888671875
2021-07-06,836141.5368764392,14495.0,6047.11083984375
2021-07-07,844093.2456569679,14568.7001953125,6044.037109375
2021-07-08,843232.2240331421,14569.2001953125,6039.89599609375
2021-07-09,850985.2015603052,14618.7001953125,6039.84423828125
2021-07-12,843103.6460371534,14521.0,6078.56787109375
2021-07-13,847153.1983677762,14558.5,6012.0322265625
2021-07-14,853258.6939447128,14542.099609375,5979.21484375
2021-07-15,851065.5392479945,14473.0,6046.75390625
2021-07-16,849802.9160705387,14563.0,6072.509765625
2021-07-19,842899.2393920826,14491.0,6017.39404296875
2021-07-20,854028.5066960315,14664.5,6017.39404296875
2021-07-21,847676.5752064429,14620.0,6029.97607421875
2021-07-22,843740.8894459726,14536.0,6137.546875
2021-07-23,842794.1782210945,14548.7001953125,6101.68994140625
2021-07-26,837951.0502893815,14486.0,6106.39404296875
2021-07-27,840400.4696948983,14523.5,6097.048828125
2021-07-28,842118.5104363004,14554.0,6088.52294921875
2021-07-29,851476.8980502477,14462.599609375,6120.72705078125
2021-07-30,842093.9652198884,14450.0,6070.0390625
2021-08-02,846905.4123857645,14456.0,6096.54296875
2021-08-03,839722.9796368184,14397.400390625,6130.57080078125
2021-08-04,837113.7572941951,14349.5,6159.03515625
2021-08-05,833896.2876673655,14338.599609375,6205.4169921875
2021-08-06,815441.178606636,14385.5,6203.43115234375
2021-08-09,796320.9606635909,14346.0,6127.4560546875
2021-08-10,801842.7247842579,14402.099609375,6088.408203125
2021-08-11,811337.0600705789,14393.099609375,6088.408203125
2021-08-12,810749.9703532034,14395.0,6139.65185546875
2021-08-13,819880.8976403254,14341.0,6139.4921875
2021-08-16,827531.130007789,14381.0,6087.9130859375
2021-08-17,825571.7877833156,14363.0,6087.9130859375
2021-08-18,827564.360767889,14425.099609375,6118.14990234375
2021-08-19,828629.7045469471,14454.2001953125,5992.32177734375
2021-08-20,831296.358830196,14493.400390625,6030.77197265625
2021-08-23,838934.8628087223,14446.0,6109.828125
2021-08-24,839026.3153664379,14430.0,6089.4970703125
2021-08-25,831984.2477471888,14448.7001953125,6113.240234375
2021-08-26,834916.4654875491,14465.7001953125,6058.080078125
2021-08-27,845258.604164448,14449.2998046875,6041.3662109375
2021-08-30,839635.8447228733,14411.0,6144.90185546875
2021-08-31,839505.2598378072,14362.0,6150.298828125
2021-09-01,831792.0491263041,14246.5,6090.93310546875
2021-09-02,831052.9732605204,14269.2001953125,6078.22900390625
2021-09-03,839840.2962502274,14245.5,6126.9208984375
2021-09-06,839840.2962502274,14256.0,6126.93798828125
2021-09-07,822903.3260738844,14231.400390625,6112.39990234375
2021-09-08,823371.8247236797,14279.2001953125,6026.02001953125
2021-09-09,829087.4243453308,14326.400390625,6068.21923828125
2021-09-10,821553.6766558503,14258.7998046875,6094.873046875
2021-09-13,818985.0899925098,14196.0,6088.1572265625
2021-09-14,830335.7919586399,14291.599609375,6129.09521484375
2021-09-15,822266.388230682,14249.7001953125,6110.22900390625
2021-09-16,805647.1603996725,14264.5,6109.94189453125
2021-09-17,804308.9521394267,14283.900390625,6133.24609375
2021-09-20,806436.590556843,14221.0,6076.31494140625
2021-09-21,818708.9041669534,14320.5,6060.7568359375
2021-09-22,814238.4521095835,14237.5,6108.26513671875
2021-09-23,803309.7625342609,14279.2001953125,6142.7119140625
2021-09-24,804593.0957100324,14286.5,6144.81494140625
2021-09-27,802731.2681852524,14251.0,6122.4951171875
2021-09-28,795612.8329609208,14242.5,6113.11181640625
2021-09-29,793142.7529560138,14318.599609375,6162.55419921875
2021-09-30,812591.6697477776,14385.0,6286.94287109375
2021-10-01,810050.6342676652,14328.599609375,6228.84521484375
2021-10-04,812720.3450047259,14301.0,6342.68603515625
2021-10-05,809611.4842102432,14300.5,6288.048828125
2021-10-06,806938.2383206221,14246.0,6417.3232421875
2021-10-07,804978.1559067653,14232.400390625,6416.39599609375
2021-10-08,800674.0052638643,14170.7998046875,6481.76904296875
2021-10-11,802450.8658465887,14216.0,6459.69677734375
2021-10-12,802851.926409131,14194.0,6486.26708984375
2021-10-13,820576.0540174836,14221.2001953125,6536.90380859375
2021-10-14,821952.4917875156,14219.7001953125,6626.11376953125
2021-10-15,800392.6322576803,14078.5,6633.337890625
2021-10-18,798562.9017034984,14067.0,6658.76806640625
2021-10-19,805868.2445962924,14157.2001953125,6655.998046875
2021-10-20,810104.2106526645,14116.7998046875,6655.998046875
2021-10-21,808914.4828297243,14119.7998046875,6632.97216796875
2021-10-22,818639.4840496622,14175.0,6643.73779296875
2021-10-25,819997.4115214626,14116.0,6625.69677734375
2021-10-26,818384.5305679746,14193.5,6656.93701171875
2021-10-27,819819.319481762,14175.7001953125,6602.208984375
2021-10-28,823950.4688784933,14217.099609375,6524.076171875
2021-10-29,816085.4388537526,14229.0,6591.34619140625
2021-11-01,821500.5062051208,14228.5,6552.88916015625
2021-11-02,821339.9678353054,14276.599609375,6493.27490234375
2021-11-03,810389.6875881479,14289.900390625,6552.1298828125
2021-11-04,828376.9029208932,14366.0,6586.44287109375
2021-11-05,841942.4149632226,14414.0,6581.78515625
2021-11-08,841596.4133608355,14319.7998046875,6632.296875
2021-11-09,838894.7319722358,14252.0,6669.9248046875
2021-11-10,849171.5626136578,14290.0,6683.14501953125
2021-11-11,857081.82157203,14302.400390625,6691.341796875
2021-11-12,856752.0316022764,14261.7001953125,6651.05419921875
2021-11-15,851379.8845215273,14186.7001953125,6616.02880859375
2021-11-16,845600.994033937,14185.400390625,6651.20703125
2021-11-17,858283.103454306,14274.2001953125,6675.80419921875
2021-11-18,851228.3602715466,14223.7998046875,6636.46923828125
2021-11-19,845609.7395742018,14204.7001953125,6720.26318359375
2021-11-22,828429.2803366865,14265.099609375,6723.38623046875
2021-11-23,817794.6044487803,14259.599609375,6677.8759765625
2021-11-24,818763.8833860953,14272.5,6683.27685546875
2021-11-25,818763.8833860953,14303.400390625,6699.34619140625
2021-11-26,822041.2493770797,14320.0,6561.55322265625
2021-11-29,825622.0654148526,14408.2001953125,6608.2900390625
2021-11-30,819812.7814875826,14377.0,6533.93212890625
2021-12-01,822234.5588069997,14333.0,6507.6767578125
2021-12-02,814717.7808943326,14376.0,6583.81982421875
2021-12-03,828404.9970007832,14443.7998046875,6538.505859375
2021-12-06,830378.0281961837,14514.0,6547.1162109375
2021-12-07,831427.4050341751,14490.0,6602.56884765625
2021-12-08,826249.0331078345,14393.2998046875,6603.7978515625
2021-12-09,818846.5542478765,14335.0,6643.93212890625
2021-12-10,820422.1684152186,14297.400390625,6652.921875
2021-12-13,825164.5046162353,14351.900390625,6662.87109375
2021-12-14,816231.8342180332,14324.7001953125,6615.63720703125
2021-12-15,813649.3079556964,14342.5,6626.2568359375
2021-12-16,826587.4837841362,14297.5,6594.7978515625
2021-12-17,834454.7189568446,14380.0,6601.93212890625
2021-12-20,830021.6123360532,14385.7001953125,6547.11181640625
2021-12-21,827465.312160439,14388.7001953125,6554.30908203125
2021-12-22,826479.3540117628,14263.900390625,6529.5927734375
2021-12-23,826752.8224507117,14193.7998046875,6555.55078125
2021-12-24,826752.8224507117,14167.7998046875,6562.89990234375
2021-12-27,825167.7843186669,14189.2998046875,6575.44384765625
2021-12-28,827913.2042107148,14220.0,6598.3427734375
2021-12-29,826638.2435391493,14238.2001953125,6600.6767578125
2021-12-30,830367.6869939715,14237.0,6581.48193359375
2021-12-31,839838.4981879424,14285.2001953125,6581.48193359375
2022-01-03,822686.2299404923,14215.0,6665.30810546875
2022-01-04,833315.205763055,14283.599609375,6695.373046875
2022-01-05,844116.4402331411,14385.5,6662.298828125
2022-01-06,831021.4957996525,14446.5,6653.35107421875
2022-01-07,832605.319393567,14408.0,6701.31591796875
2022-01-10,828077.8207965505,14318.5,6691.1240234375
2022-01-11,836825.1322198467,14313.0,6647.97021484375
2022-01-12,838759.7150519761,14277.0,6647.06494140625
2022-01-13,837333.9823678564,14298.900390625,6658.35595703125
2022-01-14,833743.9194945906,14276.0,6693.40087890625
2022-01-17,833743.9194945906,14314.5,6645.0478515625
2022-01-18,836156.6056655634,14349.7001953125,6614.05908203125
2022-01-19,852298.1110723638,14382.2998046875,6591.98095703125
2022-01-20,850865.4836099762,14362.7998046875,6626.87109375
2022-01-21,844712.2703342645,14343.0,6726.373046875
2022-01-24,848489.9818353123,14329.7001953125,6655.166015625
2022-01-25,855568.1032681209,14365.0,6568.1728515625
2022-01-26,843008.508697367,14330.5,6600.81884765625
2022-01-27,828215.2230355905,14366.400390625,6611.1611328125
2022-01-28,825736.13194374,14389.2001953125,6645.51123046875
2022-01-31,829969.9808326435,14381.599609375,6631.15087890625
2022-02-01,831145.2087385664,14350.0,6631.15087890625
2022-02-02,833593.0051523728,14322.2998046875,6707.65185546875
2022-02-03,833145.172631955,14363.7998046875,6683.85107421875
2022-02-04,835621.1134438874,14377.0,6731.39111328125
2022-02-07,843462.9586633393,14400.400390625,6804.93701171875
2022-02-08,846592.6946380881,14405.599609375,6789.52197265625
2022-02-09,849080.9506627225,14379.5,6834.60595703125
2022-02-10,846774.7934741507,14334.2001953125,6823.64208984375
2022-02-11,848573.5833650654,14328.0,6815.60693359375
2022-02-14,862153.2269786228,14344.7001953125,6734.48583984375
2022-02-15,853576.8611767591,14303.0,6807.4970703125
2022-02-16,858061.3811611334,14260.599609375,6850.1982421875
2022-02-17,872889.20999144,14274.400390625,6835.1171875
2022-02-18,876375.0414128937,14348.0,6892.81787109375
2022-02-21,876375.0414128937,14365.900390625,6902.96484375
2022-02-22,880310.1692884681,14355.0,6861.994140625
2022-02-23,884151.5698053412,14395.0,6920.05615234375
2022-02-24,889652.2964108867,14365.0,6817.81982421875
2022-02-25,877089.0300820088,14452.5,6888.1708984375
2022-02-28,875946.8745098895,14334.2001953125,6888.1708984375
2022-03-01,897422.1133046723,14360.0,6921.44091796875
2022-03-02,891513.116026997,14425.0,6868.40185546875
2022-03-03,895486.4115375222,14387.5,6868.40185546875
2022-03-04,907847.3437926999,14358.400390625,6928.328125
2022-03-07,922868.3515019192,14381.7001953125,6869.06591796875
2022-03-08,946407.9162024076,14406.400390625,6814.18310546875
2022-03-09,918093.4565890203,14362.7001953125,6864.44091796875
2022-03-10,916543.178353716,14251.0,6924.0078125
2022-03-11,911018.8563987976,14275.0,6922.60205078125
2022-03-14,903095.8284272607,14325.5,6952.2041015625
2022-03-15,890136.8029140924,14347.5,6918.18505859375
2022-03-16,878090.1727653933,14305.2998046875,6992.39501953125
2022-03-17,891116.192825246,14263.5,6964.384765625
2022-03-18,888618.7245651364,14326.0,6954.96484375
2022-03-21,889721.975763002,14342.2998046875,6955.18115234375
2022-03-22,886199.8649669652,14345.0,7000.82177734375
2022-03-23,893518.0237099961,14345.5,6996.115234375
2022-03-24,907746.5589857125,14389.0,7049.68505859375
2022-03-25,900784.7784521655,14337.099609375,7002.5322265625
2022-03-28,893953.860494875,14334.0,7049.60302734375
2022-03-29,883632.0638575518,14373.0,7011.68896484375
2022-03-30,891050.4927098237,14334.0,7053.18994140625
2022-03-31,897878.4477764573,14327.5,7071.44189453125
2022-04-01,887585.5771622994,14351.0,7078.759765625
2022-04-04,892959.7633706818,14361.0,7116.2177734375
2022-04-05,887560.33480268,14322.2998046875,7148.298828125
2022-04-06,888205.272695349,14365.5,7104.2158203125
2022-04-07,896022.6438261318,14382.0,7127.3671875
2022-04-08,899816.9224943724,14385.0,7210.8349609375
2022-04-11,899140.2992934,14355.0,7203.7939453125
2022-04-12,912378.9703844904,14360.7001953125,7214.78076171875
2022-04-13,916572.9717317908,14364.2001953125,7262.77685546875
2022-04-14,911793.1974315906,14360.2001953125,7235.5322265625
2022-04-15,911793.1974315906,14383.900390625,7235.5322265625
2022-04-18,915620.9799548093,14337.0,7275.2890625
2022-04-19,904049.1847342843,14353.7998046875,7199.23193359375
2022-04-20,903178.0620573463,14364.900390625,7227.36181640625
2022-04-21,898889.7551486996,14351.0,7276.19287109375
2022-04-22,894404.2729032454,14382.0,7225.60595703125
2022-04-25,874743.999871397,14350.0,7215.97900390625
2022-04-26,886316.9561796326,14478.0,7232.15283203125
2022-04-27,878419.9043082722,14466.0,7196.76416015625
2022-04-28,878504.2665759267,14447.5,7228.9140625
2022-04-29,891329.6796789599,14502.0,7228.9140625
2022-05-09,865854.7638124402,14490.0,6909.7509765625
2022-05-10,861337.1665430036,14552.2001953125,6819.7939453125
2022-05-11,865407.6193652094,14520.7998046875,6816.203125
2022-05-12,853147.9736258263,14543.400390625,6599.83984375
2022-05-13,850636.15989242,14632.099609375,6597.9931640625
2022-05-16,851842.5257607665,14606.0,6597.9931640625
2022-05-17,856424.2242044768,14645.0,6644.466796875
2022-05-18,854170.9514317178,14630.599609375,6793.4140625
2022-05-19,872547.6965702714,14740.0,6823.3349609375
2022-05-20,866269.9555714064,14626.7998046875,6918.14404296875
2022-05-23,870031.7236030637,14645.0,6840.77490234375
2022-05-24,876771.3087353514,14619.2001953125,6914.14111328125
2022-05-25,868779.3301086114,14635.7998046875,6883.50390625
2022-05-26,867086.2392858659,14597.0,6883.50390625
2022-05-27,868060.8463260141,14584.2001953125,7026.255859375
2022-05-30,868060.8463260141,14570.0,7037.56494140625
2022-05-31,861314.9545845919,14538.400390625,7148.97021484375
2022-06-01,864446.378767568,14543.900390625,7148.97021484375
2022-06-02,874314.7701954105,14531.5,7148.72314453125
2022-06-03,858182.0146992855,14426.7998046875,7182.9609375
2022-06-06,855416.0784272294,14431.0,7096.58203125
2022-06-07,859563.5195176234,14435.2001953125,7141.044921875
2022-06-08,863014.1893163902,14458.7998046875,7193.31396484375
2022-06-09,863468.4902311094,14495.2998046875,7182.830078125
2022-06-10,881072.2437568571,14611.7998046875,7086.64794921875
2022-06-13,856667.6904610061,14546.0,6995.44189453125
2022-06-14,862627.4374266561,14795.0,7049.8818359375
2022-06-15,862358.2222170033,14740.7998046875,7007.0498046875
2022-06-16,873161.6139155674,14681.0,7050.326171875
2022-06-17,874399.619987172,14776.099609375,6936.966796875
2022-06-20,874399.619987172,14816.0,6976.376953125
2022-06-21,876595.104832235,14827.7001953125,7044.07080078125
2022-06-22,876640.8282400552,14831.7001953125,6984.31103515625
2022-06-23,873204.6915863443,14843.0,6998.26708984375
2022-06-24,873372.6721178256,14841.7998046875,7042.93701171875
2022-06-27,870701.2884292187,14841.0,7016.05517578125
2022-06-28,866055.8611662097,14791.0,6996.4560546875
2022-06-29,868153.0213641551,14857.0,6942.35107421875
2022-06-30,864442.9992256825,14877.0,6911.58203125
2022-07-01,864269.4087067674,14921.900390625,6794.328125
2022-07-04,864269.4087067674,14931.0,6639.171875
2022-07-05,851113.5906379105,15008.0,6703.26611328125
2022-07-06,839511.6465992574,15037.0,6646.41015625
2022-07-07,839548.4838391128,15010.0,6652.5869140625
2022-07-08,838260.0874534184,14964.599609375,6740.21923828125
2022-07-11,833460.8088814111,14970.0,6722.14501953125
2022-07-12,831199.0527799004,14989.099609375,6718.2939453125
2022-07-13,837521.6615493434,15010.0,6640.990234375
2022-07-14,824307.8020233862,15030.400390625,6690.0869140625
2022-07-15,823611.5719264571,15037.099609375,6651.90478515625
2022-07-18,823992.6846902027,14986.0,6659.2529296875
2022-07-19,823738.5878985057,14977.0,6736.091796875
2022-07-20,817797.0677712117,14960.7998046875,6874.7431640625
2022-07-21,827517.6480700901,15022.0,6864.130859375
2022-07-22,833290.6516532317,15004.2001953125,6886.9619140625
2022-07-25,829662.5695989361,15011.0,6858.4072265625
2022-07-26,827164.4627984742,14978.0,6871.537109375
2022-07-27,828103.936163045,14982.7998046875,6898.2158203125
2022-07-28,839272.9220212485,14914.2001953125,6956.81689453125
2022-07-29,841624.835272366,14849.099609375,6951.123046875
2022-08-01,852136.8809321851,14826.0,6968.783203125
2022-08-02,853780.695918089,14838.0,6988.1572265625
2022-08-03,850411.474902232,14890.099609375,7046.634765625
2022-08-04,865587.8072811591,14900.0,7057.34814453125
2022-08-05,857185.6628048852,14884.7001953125,7084.65478515625
2022-08-08,863960.855631827,14886.0,7086.84912109375
2022-08-09,864165.9246755041,14831.2001953125,7102.8798828125
2022-08-10,866320.3954157399,14856.7001953125,7086.23583984375
2022-08-11,857417.0001892303,14756.900390625,7160.384765625
2022-08-12,859446.2184188225,14724.2001953125,7129.27685546875
2022-08-15,847555.5401181678,14661.0,7093.27587890625
2022-08-16,850236.2453613785,14776.400390625,7133.453125
2022-08-17,842386.585300797,14747.099609375,7133.453125
2022-08-18,840746.9418946967,14764.099609375,7186.55810546875
2022-08-19,841432.1615496732,14845.7001953125,7172.43408203125
2022-08-22,833684.9795709474,14831.0,7107.98291015625
2022-08-23,845592.2796735157,14933.5,7163.26513671875
2022-08-24,841007.442892279,14850.0,7194.7060546875
2022-08-25,845449.3340758036,14845.0,7174.2080078125
2022-08-26,831089.6240403134,14773.0,7135.248046875
2022-08-29,833179.7378689421,14811.0,7132.044921875
2022-08-30,831488.0713519354,14895.0,7159.47314453125
2022-08-31,824153.8500458901,14850.0,7178.58984375
2022-09-01,816359.9667349911,14855.0,7153.10400390625
2022-09-02,825320.5080871473,14902.099609375,7177.17919921875
2022-09-05,825320.5080871473,14890.0,7231.8828125
2022-09-06,819582.7382380316,14882.2998046875,7233.15478515625
2022-09-07,827917.4989224484,14904.0,7186.7568359375
2022-09-08,822135.3866342605,14865.2998046875,7232.01708984375
2022-09-09,827650.5563297145,14892.2998046875,7242.65576171875
2022-09-12,829518.0104525328,14823.0,7254.4638671875
2022-09-13,820432.8155413674,14858.7001953125,7318.01611328125
2022-09-14,821753.8184611801,14954.900390625,7278.078125
2022-09-15,804312.3837597532,14915.0,7305.60107421875
2022-09-16,808292.1517637182,14933.599609375,7168.8701171875
2022-09-19,806416.527728868,14946.0,7195.48779296875
2022-09-20,805143.1410532264,14985.7998046875,7196.951171875
2022-09-21,808587.7676977803,15008.599609375,7188.31396484375
2022-09-22,811755.6073536803,15019.0,7218.90576171875
2022-09-23,799846.8965364319,15026.599609375,7178.5830078125
2022-09-26,789352.8306128819,15031.0,7127.5029296875
2022-09-27,799806.5831053478,15204.0,7112.44921875
2022-09-28,814352.8646670592,15167.2001953125,7077.03076171875
2022-09-29,814104.6790107494,15175.2998046875,7036.1982421875
2022-09-30,815758.1856242062,15175.2001953125,7040.7978515625
2022-10-03,832901.1847541273,15221.0,7009.7177734375
2022-10-04,850687.0609416947,15290.0,7072.255859375
2022-10-05,839832.9686759026,15180.0,7075.384765625
2022-10-06,841310.1560470174,15206.7001953125,7076.623046875
2022-10-07,836187.8035948146,15215.7998046875,7026.783203125
2022-10-10,821132.6203021012,15246.0,6994.39501953125
2022-10-11,831684.4728085264,15343.0,6939.14501953125
2022-10-12,827248.8224797853,15338.5,6909.208984375
2022-10-13,825929.2859299395,15318.599609375,6880.625
2022-10-14,814496.7600140709,15364.0,6814.52978515625
2022-10-17,824951.5327856994,15420.0,6831.115234375
2022-10-18,822025.5444169147,15441.400390625,6834.494140625
2022-10-19,812605.128168667,15466.2001953125,6860.416015625
2022-10-20,821991.63318261,15620.0,6980.65185546875
2022-10-21,828695.8496588256,15562.0,7017.77099609375
2022-10-24,830998.6406194114,15626.0,7053.0439453125
2022-10-25,830852.3799572395,15586.5,7048.3798828125
2022-10-26,834452.3941283613,15549.0,7043.93896484375
2022-10-27,830173.3588447798,15502.7001953125,7091.76123046875
2022-10-28,822529.5944421827,15554.2001953125,7056.0400390625
2022-10-31,820215.4741817137,15549.2001953125,7098.89013671875
2022-11-01,830008.0227591323,15649.0,7052.30322265625
2022-11-02,832333.9817062388,15690.0,7015.68994140625
2022-11-03,823013.7053130073,15696.0,7034.5732421875
2022-11-04,850603.5531289434,15780.0,7045.52685546875
2022-11-07,843370.191457553,15609.5,7102.39599609375
2022-11-08,864799.7813750864,15675.0,7050.1259765625
2022-11-09,861987.7420896036,15645.0,7070.083984375
2022-11-10,883601.8063815982,15671.5,6966.8369140625
2022-11-11,881756.0846341398,15500.0,7089.2060546875
2022-11-14,884002.571475311,15473.900390625,7019.39208984375
2022-11-15,887163.2370711702,15530.099609375,7035.5
2022-11-16,888199.7640014513,15557.0,7014.3837890625
2022-11-17,887352.3879949201,15655.0,7044.98583984375
2022-11-18,886690.1919008812,15720.0,7082.18115234375
2022-11-21,874142.9272575141,15629.400390625,7063.2470703125
2022-11-22,881319.6226998104,15755.0,7030.587890625
2022-11-23,879492.5721352011,15671.0,7054.123046875
2022-11-24,879492.5721352011,15619.599609375,7080.51513671875
2022-11-25,880002.8935650329,15605.0,7053.14990234375
2022-11-28,877051.669927212,15675.099609375,7017.35791015625
2022-11-29,885119.2561745086,15746.0,7012.06884765625
2022-11-30,882809.6194961983,15726.5,7081.31298828125
2022-12-01,912429.2647643088,15634.5,7020.80322265625
2022-12-02,893382.1732316255,15355.5,7019.63916015625
2022-12-05,883161.960968332,15421.0,6987.328125
2022-12-06,889397.7446521636,15520.2998046875,6892.56982421875
2022-12-07,903118.7486938769,15623.0,6818.751953125
2022-12-08,903312.9390583053,15596.0,6804.22705078125
2022-12-09,907576.7112630261,15590.0,6715.1181640625
2022-12-12,897893.1425993808,15582.0,6734.4521484375
2022-12-13,920059.9705324813,15676.2998046875,6810.31591796875
2022-12-14,909522.4809332711,15554.7001953125,6801.7490234375
2022-12-15,889833.3806776794,15481.0,6751.85986328125
2022-12-16,904397.396981424,15626.0,6812.19287109375
2022-12-19,902557.6983211351,15615.900390625,6779.6982421875
2022-12-20,913624.3471013204,15567.5,6768.31591796875
2022-12-21,912949.4359086648,15556.0,6820.6630859375
2022-12-22,895413.3669031042,15513.0,6824.43212890625
2022-12-23,902752.5468223155,15563.0,6800.6728515625
2022-12-26,902752.5468223155,15565.900390625,6835.80810546875
2022-12-27,914788.4102743976,15607.0,6923.02685546875
2022-12-28,911738.4623136702,15617.5,6850.52001953125
2022-12-29,926928.2878132686,15789.0,6860.0771484375
2022-12-30,917107.1820632626,15620.0,6850.619140625
2023-01-02,917107.1820632626,15508.7998046875,6850.98388671875
2023-01-03,922946.1192586471,15550.0,6888.7578125
2023-01-04,930698.3406019921,15571.7998046875,6813.23876953125
2023-01-05,920788.194901448,15560.0,6653.8408203125
2023-01-06,938952.6335397845,15620.0,6684.55810546875
2023-01-09,941951.8489904104,15602.2998046875,6688.26513671875
2023-01-10,939954.3459739258,15580.0,6622.4990234375
2023-01-11,938069.7131534669,15528.900390625,6584.453125
2023-01-12,940990.6908430472,15414.0,6629.93408203125
2023-01-13,937387.4856263663,15172.0,6641.830078125
2023-01-16,937387.4856263663,15114.7998046875,6688.05712890625
2023-01-17,926105.1704217496,15082.0,6767.33984375
2023-01-18,929603.8709469995,15162.0,6765.7861328125
2023-01-19,933759.698058247,15096.0,6819.9072265625
2023-01-20,938636.341913076,15141.0,6874.93115234375
2023-01-23,933554.3950289737,15055.900390625,6874.93115234375
2023-01-24,933803.2107763381,15007.0,6860.85400390625
2023-01-25,934060.6020182773,14955.5,6829.93017578125
2023-01-26,926959.7111885519,14938.7001953125,6864.81787109375
2023-01-27,926907.256894148,14942.5,6898.98095703125
2023-01-30,925509.4531683284,14970.400390625,6872.48095703125
2023-01-31,930212.1143922709,14995.0,6839.341796875
2023-02-01,936355.4928358836,14990.7001953125,6862.2578125
2023-02-02,922148.1416992235,14855.0,6890.57177734375
2023-02-03,897830.9269598062,14881.0,6911.73193359375
2023-02-06,911170.9046541436,15078.7998046875,6873.791015625
2023-02-07,921084.7892419663,15200.0,6935.30078125
2023-02-08,920746.2877296893,15147.0,6940.1240234375
2023-02-09,912993.216197534,15117.0,6897.365234375
2023-02-10,912435.2564823894,15140.0,6880.3291015625
2023-02-13,909609.210023465,15182.2001953125,6900.14013671875
2023-02-14,912263.885780131,15211.0,6941.85498046875
2023-02-15,900535.6130712656,15179.0,6914.5380859375
2023-02-16,905553.3538886551,15210.0,6895.6640625
2023-02-17,900725.8881040567,15142.0,6895.7138671875
2023-02-20,900725.8881040567,15159.0,6894.716796875
2023-02-21,898191.7227964698,15162.5,6873.40478515625
2023-02-22,901878.2291381998,15233.0,6809.9677734375
2023-02-23,892270.8486760935,15192.0,6839.4541015625
2023-02-24,888584.5846500269,15210.0,6856.576171875
2023-02-27,895197.5648698129,15257.7001953125,6854.77685546875
2023-02-28,898110.166295531,15209.0,6843.23876953125
2023-03-01,904203.5903377533,15240.0,6844.93603515625
2023-03-02,901980.2112302474,15243.0,6857.4150390625
2023-03-03,913600.7467303594,15322.0,6813.63623046875
2023-03-06,909611.6952467703,15255.099609375,6807.0009765625
2023-03-07,898311.7655569309,15352.0,6766.7578125
2023-03-08,902590.6352378387,15437.0,6776.3701171875
2023-03-09,911298.3948045311,15450.0,6799.794921875
2023-03-10,929832.9784011822,15489.0,6765.3017578125
2023-03-13,953373.0014746633,15472.599609375,6786.955078125
2023-03-14,946679.9066406125,15409.0,6641.81396484375
2023-03-15,954488.8630085341,15372.0,6628.13720703125
2023-03-16,957002.1701737746,15479.0,6565.72802734375
2023-03-17,978517.433729323,15422.0,6678.23681640625
2023-03-20,979718.1201605941,15368.5,6612.490234375
2023-03-21,957335.143166791,15340.0,6691.61083984375
2023-03-22,958643.9476782782,15294.0,6691.61083984375
2023-03-24,959706.7640206664,15047.0,6762.25390625
2023-03-27,951538.0307569385,15148.0,6708.93310546875
2023-03-28,958562.5813815165,15107.5,6760.328125
2023-03-29,952416.3283135401,15061.0,6839.43603515625
2023-03-30,957026.7070895545,15031.5,6808.951171875
2023-03-31,950837.687077017,15020.0,6805.27685546875
2023-04-03,963942.8220591885,14988.0,6827.1748046875
2023-04-04,977374.002016767,14915.0,6833.17822265625
2023-04-05,978941.4192876831,14958.0,6819.6748046875
2023-04-06,974386.7656417033,14956.0,6792.76513671875
2023-04-07,974386.7656417033,14932.0,6792.76513671875
2023-04-10,960298.4721279608,14906.0,6771.23486328125
2023-04-11,970763.5796614529,14955.0,6811.31396484375
2023-04-12,970866.110376225,14913.0,6798.9638671875
2023-04-13,979527.7146881769,14823.5,6785.59814453125
2023-04-14,953994.7825405501,14720.0,6818.57421875
2023-04-17,948087.8679248316,14693.0,6787.58203125
2023-04-18,964931.3188038022,14860.0,6821.80712890625
2023-04-19,960943.2291237572,14890.0,6821.80712890625
2023-04-26,958421.3995209542,14935.0,6910.14697265625
2023-04-27,953852.7336151879,14841.5,6945.47705078125
2023-04-28,943777.5183340751,14684.0,6915.7158203125
2023-05-01,939174.9444285436,14663.0,6915.7158203125
2023-05-02,954389.2702230243,14671.5,6863.3017578125
2023-05-03,966156.300737859,14752.5,6812.72216796875
2023-05-04,970267.1124850487,14680.5,6844.02685546875
2023-05-05,956952.1345756405,14700.0,6787.630859375
2023-05-08,958830.2565238338,14668.0,6769.630859375
2023-05-09,968790.5013939725,14750.0,6779.97998046875
2023-05-10,967153.3859365517,14767.0,6811.90478515625
2023-05-11,954335.2195090584,14691.0,6755.93798828125
2023-05-12,959167.1876546312,14770.5,6707.76318359375
2023-05-15,958755.9400108332,14743.0,6711.740234375
2023-05-16,948010.1917790602,14795.0,6676.56396484375
2023-05-17,949900.7141769679,14885.0,6663.11376953125
2023-05-18,937353.2054717831,14876.5,6663.11376953125
2023-05-19,950296.437244678,14916.0,6700.56103515625
2023-05-22,948313.4975672201,14918.0,6729.64697265625
2023-05-23,944987.1236356037,14886.0,6736.68408203125
2023-05-24,940817.4847317035,14895.0,6745.80419921875
2023-05-25,933989.6107987049,14945.900390625,6704.23095703125
2023-05-26,935784.4529058476,14970.0,6687.0009765625
2023-05-29,935784.4529058476,14948.0,6681.10205078125
2023-05-30,941748.6778015336,14960.0,6636.4228515625
2023-05-31,945786.1162151603,14979.0,6633.26123046875
2023-06-01,961324.9955792757,14984.0,6633.26123046875
2023-06-05,951048.519671156,14983.0,6633.43701171875
2023-06-06,946012.0002572058,14849.5,6618.9228515625
2023-06-07,936400.2495888224,14872.0,6619.7548828125
2023-06-08,947140.1943993127,14889.0,6666.330078125
2023-06-09,943100.8881825499,14836.0,6694.02392578125
2023-06-12,939333.4954501075,14833.0,6722.373046875
2023-06-13,936464.3701488987,14871.5,6719.01416015625
2023-06-14,941230.8731497322,14869.0,6699.716796875
2023-06-15,944625.7036031792,14909.0,6713.794921875
2023-06-16,944104.8651311725,14897.0,6698.546875
2023-06-19,944104.8651311725,14928.0,6686.05908203125
2023-06-20,939800.3718934364,15008.0,6660.455078125
2023-06-21,938949.5962384157,15016.0,6702.625
2023-06-22,924199.796497543,14943.0,6652.26123046875
2023-06-23,926538.0306195759,14935.0,6639.73291015625
2023-06-26,931787.7837473953,14987.0,6664.66796875
2023-06-27,930185.6361607591,15039.0,6661.87890625
2023-06-28,925920.2587629242,14982.5,6661.87890625
2023-07-03,929653.8010191779,14986.0,6696.7158203125
2023-07-04,929653.8010191779,15056.0,6681.75390625
2023-07-05,929984.427268472,15010.0,6718.97705078125
2023-07-06,928464.1975369595,15077.0,6757.3310546875
2023-07-07,943730.5085459383,15189.2998046875,6716.458984375
2023-07-10,939192.3095471571,15128.0,6731.0380859375
2023-07-11,947639.7585003496,15216.0,6796.923828125
2023-07-12,955940.4387537529,15156.7998046875,6808.208984375
2023-07-13,942517.9522853136,14928.0,6810.212890625
2023-07-14,944447.9870460845,14954.0,6869.57177734375
2023-07-17,940413.0327781326,14951.0,6867.14404296875
2023-07-18,954147.8203921546,14982.5,6830.203125
2023-07-19,954370.7149272037,14986.0,6830.203125
2023-07-20,949980.9721097505,14992.0,6864.18896484375
2023-07-21,951670.3757625907,15051.5,6880.8017578125
2023-07-24,947427.7450029488,15018.0,6899.39599609375
2023-07-25,948372.9746339904,15021.5,6917.7109375
2023-07-26,952128.9511793789,15032.0,6948.27880859375
2023-07-27,938772.7801448817,15007.0,6896.6630859375
2023-07-28,951411.846529499,15095.0,6900.22998046875
2023-07-31,955870.0467793014,15088.0,6931.35888671875
2023-08-01,960914.2359380777,15104.0,6886.49609375
2023-08-02,960783.3523558442,15131.0,6854.509765625
2023-08-03,963400.7987256759,15220.0,6898.0771484375
2023-08-04,963224.4515844969,15161.0,6852.841796875
2023-08-07,960377.7709904029,15163.0,6886.3662109375
2023-08-08,959801.8606225987,15232.0,6868.81298828125
2023-08-09,953692.1674315439,15207.2001953125,6875.11181640625
2023-08-10,952848.4791507274,15207.0,6893.27587890625
2023-08-11,954978.3473713833,15259.0,6879.97900390625
2023-08-14,957327.8891443085,15317.0,6910.171875
2023-08-15,954860.8243649353,15347.0,6915.10107421875
2023-08-16,949255.4277696026,15311.5,6900.5380859375
2023-08-17,945916.1075088766,15362.0,6900.5380859375
2023-08-18,946589.0092754834,15362.5,6859.912109375
2023-08-21,944575.1764270902,15278.0,6866.033203125
2023-08-22,948581.4185652338,15318.900390625,6916.4501953125
2023-08-23,959346.9328548171,15317.0,6921.41015625
2023-08-24,957420.900413875,15294.099609375,6899.39208984375
2023-08-25,950444.0488062726,15239.0,6895.44287109375
2023-08-28,956891.6406990974,15288.0,6921.72705078125
2023-08-29,963833.0952320887,15255.5,6957.8349609375
2023-08-30,963965.2932949668,15196.5,6966.65576171875
2023-08-31,961728.8977601998,15216.0,6953.259765625
2023-09-01,963264.575631341,15231.0,6977.65380859375
2023-09-04,963264.575631341,15233.0,6996.75
2023-09-05,955912.9946226975,15227.0,6991.7080078125
2023-09-06,956238.7143899349,15298.0,6995.953125
2023-09-07,957775.8130113975,15336.0,6954.80810546875
2023-09-08,958249.1568755576,15342.0,6924.77978515625
2023-09-11,958966.3173614152,15318.0,6963.39306640625
2023-09-12,954319.9729809129,15339.099609375,6933.96923828125
2023-09-13,953727.4543842785,15350.2001953125,6935.47607421875
2023-09-14,954049.5169244041,15353.0,6959.3330078125
2023-09-15,963291.8561670235,15395.0,6982.791015625
2023-09-18,963778.2492214125,15346.0,6936.0830078125
2023-09-19,965873.4274010938,15377.0,6980.32080078125
2023-09-20,972972.4813735385,15384.5,7011.68115234375
2023-09-21,957904.9053957139,15361.0,6991.4658203125
2023-09-22,963338.9304744235,15400.5,7016.84423828125
2023-09-25,956859.1452667606,15368.0,6998.380859375
2023-09-26,950842.1802111423,15405.0,6923.7998046875
2023-09-27,941878.3763321514,15493.0,6937.828125
2023-09-28,940341.8592729905,15569.0,6937.828125
2023-09-29,928385.2628230519,15474.0,6939.89208984375
2023-10-02,917438.3862170858,15448.0,6961.458984375
2023-10-03,918633.4013856961,15516.0,6940.88720703125
2023-10-04,921544.0822670428,15622.0,6886.576171875
2023-10-05,918211.6019508832,15591.0,6874.826171875
2023-10-06,927301.4431420122,15631.0,6888.51806640625
2023-10-09,935221.8773406605,15603.0,6891.455078125
2023-10-10,946069.860906995,15691.400390625,6922.18798828125
2023-10-11,953768.0909706265,15718.5,6931.7529296875
2023-10-12,950051.2482518044,15693.0,6935.15087890625
2023-10-13,982438.2625749514,15739.0,6926.77978515625
2023-10-16,974877.0255897145,15676.0,6896.2919921875
2023-10-17,975520.3348375309,15675.0,6939.615234375
2023-10-18,995316.1931104898,15728.2001953125,6927.90576171875
2023-10-19,1006502.9176780748,15807.0,6846.4267578125
2023-10-20,1016708.9487391893,15856.0,6849.16796875
2023-10-23,1014111.3114216948,15868.0,6741.9638671875
2023-10-24,1013627.1163197444,15874.0,6806.76220703125
2023-10-25,1017733.4893951595,15868.0,6834.38818359375
2023-10-26,1019618.9781739764,15877.5,6714.51904296875
2023-10-27,1022911.2479302972,15920.0,6758.79296875
2023-10-30,1025481.3513505219,15903.5,6735.89208984375
2023-10-31,1015824.4465601615,15843.0,6752.2109375
2023-11-01,1006335.0310474252,15748.7001953125,6642.41796875
2023-11-02,1019070.2011027697,15900.0,6751.38623046875
2023-11-03,1017998.9013024308,15838.0,6788.85009765625
2023-11-06,996240.3878271182,15582.099609375,6878.8359375
2023-11-07,987907.952481232,15570.0,6843.7900390625
2023-11-08,984681.4692585083,15643.599609375,6804.10595703125
2023-11-09,988969.0087128457,15616.0,6838.23291015625
2023-11-10,978939.2223121679,15713.7001953125,6809.26318359375
2023-11-13,983329.3948985972,15683.0,6838.31201171875
2023-11-14,990536.6116353464,15667.0,6862.05517578125
2023-11-15,965051.1693585152,15281.0,6958.205078125
2023-11-16,989564.0461072128,15487.7998046875,6958.0078125
2023-11-17,987452.5935790109,15475.0,6977.66796875
2023-11-20,980450.2176757772,15399.400390625,6994.88818359375
2023-11-21,989882.4956222115,15382.099609375,6961.7900390625
2023-11-22,993167.6823405937,15501.2998046875,6906.953125
2023-11-23,1000562.4644502173,15612.7998046875,7004.34423828125
2023-11-24,997845.4193257993,15495.0,7009.630859375
2023-11-27,1006733.7881551211,15560.0,7013.40576171875
2023-11-28,1014408.6678348096,15466.5,7041.0732421875
2023-11-29,1004282.4289056158,15259.0,7036.0869140625
2023-11-30,1009565.0432862069,15407.0,7080.7412109375
2023-12-01,1044685.3583234141,15549.2998046875,7059.90576171875
2023-12-04,1013591.9855950314,15437.400390625,7093.60009765625
2023-12-05,1016064.877690206,15519.900390625,7100.85498046875
2023-12-06,1017711.5333440984,15457.0,7087.39501953125
2023-12-07,1018479.3472737694,15480.0,7134.623046875
2023-12-08,1003898.2751137331,15500.0,7159.59814453125
2023-12-11,997391.623759999,15560.2001953125,7088.78515625
2023-12-12,1002703.8640663053,15647.0,7125.30712890625
2023-12-13,999757.7269505063,15569.0,7075.3408203125
2023-12-14,1004255.0797474498,15275.0,7176.01611328125
2023-12-15,1012368.6030423124,15468.0,7190.98779296875
2023-12-18,1002605.9125649796,15282.7998046875,7119.52490234375
2023-12-19,1019627.2622315928,15454.400390625,7187.84619140625
2023-12-20,1017480.436136169,15455.0,7219.6669921875
2023-12-21,1023424.1856291043,15518.0,7209.619140625
2023-12-22,1027116.0965104409,15440.0,7237.51904296875
2023-12-25,1027116.0965104409,15409.2001953125,7237.51904296875
2023-12-27,1036338.0810489574,15400.0,7245.916015625
2023-12-28,1029776.2470461524,15373.0,7303.88818359375
2023-12-29,1027457.2235656383,15425.0,7272.796875
2024-01-01,1027457.2235656383,15383.099609375,7272.796875
2024-01-02,1025450.8559407755,15383.0,7323.587890625
2024-01-03,1017869.8589142149,15498.0,7279.0908203125
2024-01-04,1025214.2041892391,15555.0,7359.76318359375
2024-01-05,1022214.4953903274,15511.0,7350.619140625
2024-01-08,1011895.6467921616,15477.5,7283.5751953125
2024-01-09,1012823.3639301043,15495.5,7200.203125
2024-01-10,1012775.4065786973,15534.5,7227.296875
2024-01-11,1009810.9614827437,15555.0,7219.9638671875
2024-01-12,1026113.3608497259,15556.5,7241.13818359375
2024-01-15,1026113.3608497259,15503.2001953125,7224.0009765625
2024-01-16,1014724.6593122307,15546.0,7242.787109375
2024-01-17,1007975.3886218593,15625.0,7200.634765625
2024-01-18,1015495.9415678199,15624.0,7252.966796875
2024-01-19,1018652.6853782715,15613.099609375,7227.40185546875
2024-01-22,1014301.9736760308,15601.0,7247.92822265625
2024-01-23,1019657.3589605256,15655.5,7256.22900390625
2024-01-24,1018581.1886122142,15715.0,7227.8232421875
2024-01-25,1019458.2239075849,15714.5,7178.0419921875
2024-01-26,1025269.7983144983,15808.0,7137.087890625
2024-01-29,1026755.7231108809,15767.599609375,7157.1748046875
2024-01-30,1033793.0457987044,15828.0,7192.2158203125
2024-01-31,1039561.2216791066,15785.0,7207.94091796875
2024-02-01,1050016.153807173,15769.0,7201.69580078125
2024-02-02,1038355.3436792934,15726.0,7238.78515625
2024-02-05,1032973.7059484868,15727.2001953125,7198.615234375
2024-02-06,1036236.1009427824,15711.5,7247.408203125
2024-02-07,1037805.884604212,15733.0,7235.15185546875
2024-02-08,1030221.41180275,15647.0,7235.15185546875
2024-02-12,1019523.011879692,15598.0,7297.6689453125
2024-02-13,1005390.7643603525,15579.5,7209.7412109375
2024-02-14,1009222.2809240656,15661.5,7209.7412109375
2024-02-15,1007537.4405659825,15553.099609375,7303.28076171875
2024-02-16,1019875.4100786988,15672.0,7335.544921875
2024-02-19,1019875.4100786988,15628.599609375,7296.7021484375
2024-02-20,1025294.0654067518,15634.0,7352.60107421875
2024-02-21,1024295.4350699204,15661.0,7349.02099609375
2024-02-22,1021242.2600746047,15642.0,7339.63623046875
2024-02-23,1027088.4523521267,15588.0,7295.09521484375
2024-02-26,1021701.7015472437,15586.099609375,7283.8232421875
2024-02-27,1027751.1363094405,15638.5,7285.31689453125
2024-02-28,1027999.4963812227,15653.0,7328.63623046875
2024-02-29,1037949.3296288622,15712.2001953125,7316.11083984375
2024-03-01,1058108.3168519016,15704.0,7311.9072265625
2024-03-04,1072730.997051522,15691.900390625,7276.7490234375
2024-03-05,1085703.9838073389,15766.0,7247.4599609375
2024-03-06,1092960.1662476503,15751.5,7329.80078125
2024-03-07,1090692.4569569642,15668.0,7373.9638671875
2024-03-08,1097615.8792418859,15621.0,7381.9072265625
2024-03-11,1093212.8946824581,15536.2998046875,7381.9072265625
2024-03-13,1089996.8672040778,15546.0,7421.20703125
2024-03-14,1085300.5288793866,15574.0,7433.31494140625
2024-03-15,1086187.8888228014,15630.0,7328.05419921875
2024-03-18,1088242.0734297698,15639.2998046875,7302.44921875
2024-03-19,1093129.5941388856,15743.0,7336.74609375
2024-03-20,1092050.669538798,15718.0,7331.1279296875
2024-03-21,1101849.8925855032,15687.0,7338.35302734375
2024-03-22,1091927.275065507,15723.5,7350.15185546875
2024-03-25,1105752.608118737,15802.599609375,7377.759765625
2024-03-26,1104857.1392060982,15784.0,7365.6640625
2024-03-27,1114756.1639591404,15828.0,7310.091796875
2024-03-28,1131887.3518900357,15877.0,7288.81298828125
2024-03-29,1131887.3518900357,15877.0,7288.81298828125
2024-04-01,1150048.1408091132,15848.0,7205.06103515625
2024-04-02,1169808.117187437,15945.7998046875,7236.98388671875
2024-04-03,1187513.4631150835,15955.0,7166.84423828125
2024-04-04,1182769.01313357,15936.0,7254.39892578125
2024-04-05,1199299.5240672647,15904.5,7286.8818359375
2024-04-08,1200386.80534345,15881.0,7286.8818359375
2024-04-16,1244406.121012494,16075.0,7164.80712890625
2024-04-17,1252593.995964958,16312.2001953125,7130.8408203125
2024-04-18,1252524.8926969632,16246.0,7166.81396484375
2024-04-19,1258759.8434900313,16220.0,7087.31689453125
2024-04-22,1222879.9292260245,16210.2998046875,7073.81982421875
2024-04-23,1223327.2199759975,16246.0,7110.81298828125
2024-04-24,1213440.370393278,16140.2001953125,7174.533203125
2024-04-25,1221577.9574645942,16220.0,7155.2939453125
2024-04-26,1222670.5550464327,16202.0,7036.0751953125
2024-04-29,1228215.8698808136,16203.0,7155.7841796875
2024-04-30,1202852.148905318,16246.0,7234.19677734375
2024-05-01,1209089.1057276512,16273.0,7234.19677734375
2024-05-02,1202223.232860652,16190.400390625,7117.4248046875
2024-05-03,1194770.2275297847,16097.0,7134.72412109375
2024-05-06,1204967.3385628704,16077.0,7135.89013671875
2024-05-07,1198135.9659552735,16034.0,7123.61181640625
2024-05-08,1200068.4387549455,16073.0,7088.794921875
2024-05-09,1209445.3352472642,16074.0,7088.794921875
2024-05-13,1208128.7957946856,16038.0,7099.26123046875
2024-05-14,1223140.3644504184,16121.0,7083.76318359375
2024-05-15,1239817.9699242548,16102.0,7179.8310546875
2024-05-16,1220532.9625283328,15914.0,7246.69580078125
2024-05-17,1238160.1392804473,15930.7998046875,7317.23779296875
2024-05-20,1251099.8119182729,15958.0,7266.69091796875
2024-05-21,1250328.7840427172,16031.0,7186.037109375
2024-05-22,1231320.0423428784,16005.0,7222.3818359375
2024-05-23,1205340.9974198102,16040.7001953125,7222.3818359375
2024-05-27,1208024.0969665793,16038.0,7176.419921875
2024-05-28,1217590.0300609258,16071.0,7253.6259765625
2024-05-29,1213147.06103934,16117.0,7140.22900390625
2024-05-30,1222697.9146925174,16232.099609375,7034.14208984375
2024-05-31,1211954.2693019877,16228.0,6970.73583984375
2024-06-03,1237305.791731324,16243.0,7036.19091796875
2024-06-04,1222850.1814161036,16203.0,7099.31201171875
2024-06-05,1243063.8995611425,16276.0,6947.669921875
2024-06-06,1254120.3371562134,16315.0,6974.89697265625
2024-06-07,1214074.0737891735,16241.7001953125,6897.9501953125
2024-06-10,1217235.6808719276,16270.0,6921.5478515625
2024-06-11,1220168.1737736508,16312.0,6855.69091796875
2024-06-12,1234457.7824362493,16305.400390625,6850.09716796875
2024-06-13,1209546.8355651293,16230.0,6831.56396484375
2024-06-14,1230004.475072892,16286.0,6734.83203125
2024-06-17,1233999.0036415716,16479.900390625,6734.83203125
2024-06-19,1243415.1619824988,16379.0,6726.9189453125
2024-06-20,1247652.2907515431,16380.900390625,6819.32080078125
2024-06-21,1236064.0244781594,16491.900390625,6879.97802734375
2024-06-24,1239377.1631565026,16443.0,6889.1650390625
2024-06-25,1228523.0977229057,16394.099609375,6882.7041015625
2024-06-26,1219759.589730092,16401.0,6905.64208984375
2024-06-27,1234577.6521897155,16434.0,6967.951171875
2024-06-28,1231679.6744086288,16374.400390625,7063.5771484375
2024-07-01,1228949.8321412029,16343.0,7139.6259765625
2024-07-02,1229585.8793838012,16390.0,7125.14208984375
2024-07-03,1248632.269658283,16391.0,7196.7548828125
2024-07-04,1248632.269658283,16340.0,7220.88916015625
2024-07-05,1258727.9133444778,16328.5,7253.3720703125
2024-07-08,1234428.8424132334,16245.0,7250.97705078125
2024-07-09,1239178.2517372686,16277.2001953125,7269.80078125
2024-07-10,1245338.1807585836,16277.0,7287.0419921875
2024-07-11,1261270.7450339692,16198.0,7300.4072265625
2024-07-12,1253330.0758330051,16104.0,7327.580078125
2024-07-15,1257888.0070395013,16108.0,7278.86279296875
2024-07-16,1284936.4795206804,16195.0,7224.29296875
2024-07-17,1279083.0974200803,16173.0,7224.2177734375
2024-07-18,1274499.0635788075,16138.0,7321.07080078125
2024-07-19,1248394.3955042488,16185.0,7294.4951171875
2024-07-22,1247721.5557313936,16206.0,7321.97607421875
2024-07-23,1255385.6872113345,16220.2001953125,7313.85693359375
2024-07-24,1259905.9465304597,16222.0,7262.7587890625
2024-07-25,1229281.6242545052,16246.0,7240.27685546875
2024-07-26,1250672.796790102,16337.7998046875,7288.1669921875
2024-07-29,1244802.6169102627,16283.0,7288.89697265625
2024-07-30,1260488.0148448425,16301.7001953125,7241.86376953125
2024-07-31,1273847.1635024997,16328.5,7255.76220703125
2024-08-01,1296490.902750532,16255.0,7325.98486328125
2024-08-02,1292806.7450599035,16281.0,7308.123046875
2024-08-05,1258370.6411281086,16012.0,7059.65283203125
2024-08-06,1267104.1645735207,16208.0,7129.21484375
2024-08-07,1263164.996464991,16152.2998046875,7212.130859375
2024-08-08,1268971.5524739353,16023.0,7195.12109375
2024-08-09,1270675.5522545946,15979.0,7256.99609375
2024-08-12,1281485.1061777612,15918.0,7297.625
2024-08-13,1285937.3632920815,15949.099609375,7356.63818359375
2024-08-14,1255575.5632326219,15749.0,7436.0390625
2024-08-15,1251628.925190355,15619.5,7409.5009765625
2024-08-16,1285483.6198269362,15755.0,7432.08984375
2024-08-19,1281373.7574797526,15683.0,7466.8310546875
2024-08-20,1272942.444288198,15523.0,7533.98486328125
2024-08-21,1264761.0397543684,15442.0,7554.5927734375
2024-08-22,1252868.0709227356,15484.0,7488.67578125
2024-08-23,1287619.731476945,15728.5,7544.2978515625
2024-08-26,1263260.442979814,15377.2001953125,7606.19482421875
2024-08-27,1269132.7031605428,15462.599609375,7597.880859375
2024-08-28,1261993.2208240663,15467.099609375,7658.875
2024-08-29,1270951.2676678267,15440.0,7627.60400390625
2024-08-30,1255108.8300226454,15444.7998046875,7670.73291015625
2024-09-02,1255108.8300226454,15525.0,7694.52978515625
2024-09-03,1258932.6382707132,15520.099609375,7616.52099609375
2024-09-04,1261469.1718526452,15532.900390625,7672.89599609375
2024-09-05,1262772.8757741302,15444.400390625,7681.04296875
2024-09-06,1251362.698910618,15417.0,7721.84619140625
2024-09-09,1254400.3969907803,15405.0,7702.73876953125
2024-09-10,1263786.6829377364,15456.7998046875,7761.38818359375
2024-09-11,1266070.7665504634,15489.0,7760.955078125
2024-09-12,1280779.4527149529,15437.0,7798.15380859375
2024-09-13,1294182.3218298943,15418.7001953125,7812.130859375
2024-09-16,1291134.315970143,15393.0,7812.130859375
2024-09-17,1282301.7505283519,15385.0,7831.77880859375
2024-09-18,1282026.7332787358,15345.0,7829.134765625
2024-09-19,1286154.4496543552,15300.2001953125,7905.39013671875
2024-09-20,1292969.8376149896,15197.599609375,7743.00390625
2024-09-23,1292329.9628659154,15154.0,7775.73095703125
2024-09-24,1305996.5809088005,15174.099609375,7778.4912109375
2024-09-25,1305178.368445806,15121.099609375,7740.90185546875
2024-09-26,1317103.2477206269,15201.5,7744.51611328125
2024-09-27,1292724.8853563005,15070.0,7696.916015625
2024-09-30,1292613.6198059001,15118.0,7527.92919921875
2024-10-01,1312182.3868649346,15170.599609375,7642.1328125
2024-10-02,1309859.7274262372,15260.599609375,7563.26220703125
2024-10-03,1319981.9972594022,15324.0,7543.828125
2024-10-04,1325773.1559064519,15457.0,7496.0908203125
2024-10-07,1341421.3834455928,15650.0,7504.134765625
2024-10-08,1333989.2958187985,15744.0,7557.14208984375
2024-10-09,1324030.5247249105,15682.400390625,7501.28515625
2024-10-10,1329225.9235744036,15664.599609375,7480.080078125
2024-10-11,1348402.317443708,15670.900390625,7520.60205078125
2024-10-14,1333678.4837631315,15562.0,7559.65478515625
2024-10-15,1341280.1832333729,15573.0,7626.951171875
2024-10-16,1347973.2470424469,15578.599609375,7648.93994140625
2024-10-17,1356548.6298203478,15583.900390625,7735.0390625
2024-10-18,1359843.425980999,15493.0,7760.06005859375
2024-10-21,1361987.0686434254,15467.0,7772.59619140625
2024-10-22,1380277.1250685714,15556.0,7788.98291015625
2024-10-23,1367705.463305727,15586.0,7787.56494140625
2024-10-24,1384282.1280695149,15663.0,7716.548828125
2024-10-25,1383477.2750827756,15621.5,7694.66015625
2024-10-28,1390031.0955820272,15688.099609375,7634.630859375
2024-10-29,1408008.2060794756,15747.0,7606.60009765625
2024-10-30,1419872.8493552774,15768.0,7569.85009765625
2024-10-31,1387356.3719961366,15695.5,7574.01904296875
2024-11-01,1388852.663936974,15713.0,7505.2568359375
2024-11-04,1398726.81937611,15842.0,7479.5029296875
2024-11-05,1395912.4287943128,15790.0,7491.93115234375
2024-11-06,1347894.618447846,15665.0,7383.8681640625
2024-11-07,1376079.4399617284,15818.2001953125,7243.85986328125
2024-11-08,1347941.522969054,15558.0,7287.19091796875
2024-11-11,1316883.1542188525,15647.2001953125,7266.4599609375
2024-11-12,1321019.1865794973,15765.0,7321.98583984375
2024-11-13,1312970.9151816214,15788.900390625,7308.6708984375
2024-11-14,1310889.7659408553,15847.2001953125,7214.56103515625
2024-11-15,1316577.728680491,15933.2998046875,7161.2578125
2024-11-18,1335843.0408545882,15891.2998046875,7134.27685546875
2024-11-19,1337015.0649369245,15806.099609375,7195.71484375
2024-11-20,1348472.1096294748,15817.099609375,7180.3349609375
2024-11-21,1368517.438423203,15913.0,7140.912109375
2024-11-22,1379220.874407817,15816.900390625,7195.56494140625
2024-11-25,1341935.473499767,15940.0,7314.10791015625
2024-11-26,1340100.5304354317,15901.2001953125,7245.88818359375
2024-11-27,1352053.8024446103,15930.0,7245.88818359375
2024-11-28,1352053.8024446103,15863.5,7200.1572265625
2024-11-29,1356369.733309756,15878.0,7114.26611328125
2024-12-02,1352947.304965679,15829.0,7046.98583984375
2024-12-03,1364678.8125545057,15910.0,7196.01708984375
2024-12-04,1371505.6897673793,15940.0,7326.76416015625
2024-12-05,1354414.6752645161,15906.599609375,7313.31298828125
2024-12-06,1354430.630231399,15839.7998046875,7382.78515625
2024-12-09,1366564.3380382857,15825.7998046875,7437.73095703125
2024-12-10,1386490.1393985,15864.0,7453.287109375
2024-12-11,1409924.375817583,15908.0,7464.751953125
2024-12-12,1390523.5951295926,15963.0,7394.23779296875
2024-12-13,1373657.972411227,15967.400390625,7324.7890625
2024-12-16,1375693.5868476417,16025.7998046875,7258.630859375
2024-12-17,1365512.2413876252,15955.0,7157.73193359375
2024-12-18,1358592.6907219172,15926.2001953125,7107.875
2024-12-19,1353820.5667302683,16145.2998046875,6977.23779296875
2024-12-20,1359079.77153866,15981.2998046875,6983.865234375
2024-12-23,1365437.0394859542,16159.2998046875,7096.44482421875
2024-12-24,1374169.5876833093,16217.599609375,7065.74609375
2024-12-25,1374169.5876833093,15970.7998046875,7065.74609375
2024-12-27,1369872.4426203794,16189.0,7036.57080078125
2024-12-30,1361763.8973068243,16178.0,7079.90478515625
2024-12-31,1365829.2014840574,16085.599609375,7079.90478515625
2025-01-02,1392743.726590255,16230.5,7163.205078125
2025-01-03,1382772.3035008437,16201.099609375,7164.42919921875
2025-01-06,1377071.8093773618,16178.7998046875,7080.47412109375
2025-01-07,1386460.3828777445,16179.099609375,7083.2841796875
2025-01-08,1388262.9422429216,16157.7001953125,7080.35205078125
2025-01-09,1400408.1154634168,16187.599609375,7064.587890625
2025-01-10,1417314.9324031058,16237.0,7088.8662109375
2025-01-13,1400982.731482691,16268.0,7016.87890625
2025-01-14,1405263.5966868934,16295.2001953125,6956.6650390625
2025-01-15,1426029.1220240488,16320.0,7079.56201171875
2025-01-16,1447005.0825463529,16360.7998046875,7107.51904296875
2025-01-17,1446554.8643685349,16368.7998046875,7154.658203125
2025-01-20,1446554.8643685349,16367.099609375,7170.73681640625
2025-01-21,1441098.3717841115,16245.0,7181.81982421875
2025-01-22,1454852.7202406137,16330.7998046875,7257.1279296875
2025-01-23,1443043.112831705,16232.7998046875,7232.64306640625
2025-01-24,1450127.7190817415,16230.900390625,7166.05615234375
2025-01-27,1423182.6531124776,16164.900390625,7166.05615234375
2025-01-30,1473785.0724195025,16238.0,7073.47802734375
2025-01-31,1471603.8789846802,16274.5,7109.19580078125
2025-02-03,1501076.3826515574,16341.2998046875,7030.05810546875
2025-02-04,1508931.6892592474,16320.0,7073.458984375
2025-02-05,1516012.5120941976,16299.099609375,7024.22802734375
2025-02-06,1507378.3448963433,16298.099609375,6875.5361328125
2025-02-07,1515773.0414401465,16327.0,6742.576171875
2025-02-10,1539179.0203640286,16314.7001953125,6648.14208984375
2025-02-11,1539686.9069136726,16330.099609375,6531.990234375
2025-02-12,1538882.1624568165,16343.2998046875,6645.77783203125
2025-02-13,1550659.0384001448,16375.0,6613.56787109375
2025-02-14,1512577.4433120594,16219.0,6638.458984375
2025-02-17,1512577.4433120594,16173.0,6830.8818359375
2025-02-18,1537858.4403684475,16220.0,6873.55419921875
2025-02-19,1540287.9191556266,16317.0,6794.8681640625
2025-02-20,1553574.2212630322,16346.400390625,6788.0419921875
2025-02-21,1542431.7962026298,16245.099609375,6803.0009765625
2025-02-24,1550789.1010714478,16278.0,6749.60107421875
2025-02-25,1527674.4117160307,16279.2998046875,6587.0869140625
2025-02-26,1537119.9380508324,16314.0,6606.17822265625
2025-02-27,1523891.3046066195,16367.400390625,6485.4482421875
2025-02-28,1516009.8453424654,16553.69921875,6270.59716796875
2025-03-03,1541047.6574493726,16522.0,6519.658203125
2025-03-04,1544757.7939731434,16451.19921875,6380.40087890625
2025-03-05,1540821.9010722265,16379.0,6531.39892578125
2025-03-06,1530778.3841677923,16268.900390625,6617.84716796875
2025-03-07,1529224.430229226,16322.099609375,6636.0
2025-03-10,1518760.323318845,16292.599609375,6598.2119140625
2025-03-11,1532971.209216306,16324.0,6545.85009765625
2025-03-12,1556976.4969707683,16433.900390625,6665.044921875
2025-03-13,1568149.5943445365,16305.599609375,6647.4169921875
2025-03-14,1568819.7865728906,16259.2998046875,6515.630859375
2025-03-17,1577396.7461490717,16321.0,6471.94677734375
2025-03-18,1600395.3509835359,16370.0,6223.38818359375
2025-03-19,1614734.5666445233,16514.5,6311.66015625
2025-03-20,1598089.1971284817,16330.2998046875,6381.673828125
2025-03-21,1595867.612829884,16428.5,6258.17919921875
2025-03-24,1601578.5366014626,16519.0,6161.2177734375
2025-03-25,1612574.596596969,16575.80078125,6235.619140625
2025-03-26,1615154.9664828717,16621.0,6472.35595703125
2025-03-27,1636515.794042471,16629.0,6510.6201171875
2025-03-28,1643391.2278574458,16560.900390625,6510.6201171875
2025-04-08,1620457.8578254557,16855.69921875,5996.14208984375
2025-04-09,1688222.2385797733,17051.900390625,5967.98779296875
2025-04-10,1716831.747231019,16805.5,6254.02392578125
2025-04-11,1756038.7628006367,16833.80078125,6262.22607421875
2025-04-14,1741383.6134109204,16788.0,6368.51708984375
2025-04-15,1748160.508024117,16780.0,6441.68310546875
2025-04-16,1808950.5926360905,16813.5,6400.05419921875
2025-04-17,1797197.8619687858,16794.599609375,6438.26904296875
2025-04-21,1797197.8619687858,16794.599609375,6445.966796875
2025-04-22,1848565.8769470642,16814.900390625,6538.26611328125
2025-04-23,1785402.529282588,16858.099609375,6634.376953125
2025-04-24,1813638.890964592,16846.0,6613.47802734375
2025-04-25,1779291.8083648016,16778.5,6678.9150390625
2025-04-28,1810675.84929556,16823.0,6722.9658203125
2025-04-29,1800048.664624133,16795.0,6749.0751953125
2025-04-30,1783351.3983488984,16711.900390625,6766.794921875
2025-05-01,1714090.0358727018,16545.900390625,6766.794921875
2025-05-02,1731581.3529294082,16606.0,6815.72998046875
2025-05-05,1758164.1552786967,16460.0,6831.9521484375
2025-05-06,1807112.0935531708,16421.5,6898.19677734375
2025-05-07,1791943.0030482905,16432.0,6926.22509765625
2025-05-08,1753003.1767676868,16492.599609375,6827.75
2025-05-09,1778066.0637066567,16538.30078125,6832.80322265625
2025-05-12,1716874.4353529345,16543.0,6832.80322265625
2025-05-14,1701540.63291743,16599.400390625,6979.8798828125
2025-05-15,1717706.59945763,16558.19921875,7040.1611328125
2025-05-16,1691977.129382858,16511.80078125,7106.52587890625
2025-05-19,1713977.992830389,16487.0,7141.0908203125
2025-05-20,1734834.0348930787,16428.0,7094.60205078125
2025-05-21,1747434.8706737184,16403.0,7142.4609375
2025-05-22,1731809.6263407855,16347.599609375,7166.98095703125
2025-05-23,1770027.6860624175,16356.900390625,7214.1630859375
2025-05-26,1770027.6860624175,16211.0,7188.35302734375
2025-05-27,1723601.710859572,16243.5,7198.966796875
2025-05-28,1724490.0255679877,16279.0,7175.81884765625
2025-05-29,1736855.7297548407,16286.0,7175.81884765625
2025-06-02,1782728.5547615974,16322.0,7065.06884765625
2025-06-03,1768543.5703594075,16288.5,7044.82177734375
2025-06-04,1784914.7076802293,16332.400390625,7069.037109375
2025-06-05,1767821.731990509,16291.5,7113.4248046875
2025-06-06,1748041.3822826422,16246.400390625,7113.4248046875
2025-06-10,1749852.5142593484,16278.7998046875,7230.7451171875
2025-06-11,1746676.9789118266,16247.7998046875,7222.4560546875
2025-06-12,1725949.3516543054,15778.0,7204.3701171875
2025-06-13,1794421.4120366592,16164.5,7166.06494140625
2025-06-16,1788947.4959463081,16282.599609375,7117.5908203125
2025-06-17,1730751.3738625427,15801.0,7155.85205078125
2025-06-18,1783298.6348595968,16275.0,7107.7890625
2025-06-19,1783298.6348595968,15598.5,6968.63916015625
2025-06-20,1784095.7512725908,16390.0,6907.13818359375
2025-06-23,1793471.6350249972,16431.0,6787.14013671875
2025-06-24,1754655.951946475,16370.0,6869.1708984375
2025-06-25,1750899.435459685,16290.0,6832.14306640625
2025-06-26,1753465.6871413186,16290.0,6897.39990234375
2025-06-27,1714729.1533797937,16222.7998046875,6897.39990234375
2025-06-30,1725872.088593514,16229.0,6927.67919921875
2025-07-01,1747946.526676434,16230.0,6915.35986328125
2025-07-02,1753803.706965127,16236.400390625,6881.2451171875
2025-07-03,1744883.3705065597,16235.0,6878.05078125
2025-07-04,1743394.8817211336,16203.7001953125,6865.19189453125
2025-07-07,1738705.2643574325,16178.0,6900.93212890625
2025-07-08,1740259.4277821288,16318.900390625,6904.39208984375
2025-07-09,1736228.430883984,16261.0,6943.921875
2025-07-10,1735905.5639164527,16235.0,7005.37109375
2025-07-11,1753095.6672380117,16209.099609375,7047.43798828125
2025-07-14,1751935.37010882,16222.0,7097.15087890625
2025-07-15,1743921.5007294822,16256.2001953125,7140.47412109375
2025-07-16,1755186.0525333376,16252.099609375,7192.01806640625
2025-07-17,1750029.6367891429,16271.2001953125,7287.02099609375
2025-07-18,1763146.6864908005,16329.7001953125,7311.9150390625
2025-07-21,1787446.84058554,16321.0,7398.19189453125
2025-07-22,1807960.4659495275,16329.5,7344.73583984375
2025-07-23,1774560.1685617794,16245.2998046875,7469.22998046875
2025-07-24,1764228.689125872,16266.099609375,7530.90185546875
2025-07-25,1748794.5341354017,16307.0,7543.5029296875
2025-07-28,1740268.1370263796,16353.0,7614.76806640625
2025-07-29,1752523.471534554,16398.80078125,7617.9072265625
2025-07-30,1734381.2402667147,16367.900390625,7549.88818359375
2025-07-31,1739249.2655399751,16426.80078125,7484.3369140625
2025-08-01,1801691.2631965529,16483.0,7537.76806640625
2025-08-04,1815787.5991554658,16483.0,7464.64501953125
2025-08-05,1806824.3317013911,16362.0,7515.18505859375
2025-08-06,1807851.4283162593,16377.5,7503.75
2025-08-07,1813787.9424167054,16334.7001953125,7490.18310546875
2025-08-08,1829639.4552348913,16300.0,7533.384765625
2025-08-11,1778673.44532261,16249.0,7605.9248046875
2025-08-12,1781050.4284083785,16298.0,7791.69677734375
2025-08-13,1780466.5558233878,16248.2001953125,7892.9111328125
2025-08-14,1752213.352626802,16109.0,7931.2509765625
2025-08-15,1758427.8611411545,16169.0,7898.375
2025-08-18,1758968.862025174,16196.0,7898.375
2025-08-19,1749934.1714184214,16205.400390625,7862.94921875
2025-08-20,1773064.6345850597,16275.2001953125,7943.8251953125
2025-08-21,1768192.9695148342,16263.599609375,7890.71484375
2025-08-22,1795851.4352942845,16339.7001953125,7858.85107421875
2025-08-25,1782943.1575224653,16227.0,7926.9072265625
2025-08-26,1795444.596267301,16267.0,7905.7568359375
2025-08-27,1807173.5780627085,16299.2001953125,7936.17578125
2025-08-28,1822294.3076046759,16314.0,7952.087890625
2025-08-29,1847643.9673793865,16344.2998046875,7830.4931640625
2025-09-01,1847643.9673793865,16409.0,7736.06591796875
2025-09-02,1894666.38264371,16405.19921875,7801.5849609375
2025-09-03,1922028.0634049925,16443.900390625,7885.86279296875
2025-09-04,1909016.7118215822,16463.0,7867.34814453125
2025-09-05,1932401.700974323,16452.099609375,7867.34814453125
2025-09-08,1938043.6027848553,16392.0,7766.84912109375
2025-09-09,1946977.9021206107,16446.099609375,7628.60498046875
2025-09-10,1947322.1096751571,16449.900390625,7699.0068359375
2025-09-11,1941592.1682566623,16439.0,7747.90478515625
2025-09-12,1945346.7293748104,16413.599609375,7854.06005859375
2025-09-15,1961043.5803044674,16401.0,7937.1181640625
2025-09-16,1959900.705804435,16364.599609375,7957.69580078125
2025-09-17,1960064.1576807378,16398.099609375,8025.17919921875
2025-09-18,1941663.663087868,16418.599609375,8008.43310546875
2025-09-19,1974111.2781989148,16569.099609375,8051.1181640625
2025-09-22,2019269.2245151522,16637.0,8040.0390625
2025-09-23,2034238.4808890328,16582.0,8125.201171875
2025-09-24,2015040.394949649,16633.0,8126.55810546875
2025-09-25,2024173.8636261155,16695.099609375,8040.6650390625
2025-09-26,2052354.571418309,16759.099609375,8099.3330078125
2025-09-29,2072773.4429709602,16723.0,8123.2451171875
2025-09-30,2070621.2737500905,16628.0,8061.06201171875
2025-10-01,2090504.0429533655,16683.0,8043.82177734375
2025-10-02,2069897.063816734,16644.099609375,8071.0810546875
2025-10-03,2086376.1868844265,16601.5,8118.30078125
2025-10-06,2116789.949957275,16558.0,8139.89404296875
2025-10-07,2136705.611241437,16596.5,8169.28076171875
2025-10-08,2170732.666741685,16587.0,8166.02880859375
2025-10-09,2114564.8308645934,16556.0,8250.9384765625
2025-10-10,2132153.176837705,16577.69921875,8257.859375
2025-10-13,2205524.587265099,16598.0,8227.2021484375
2025-10-14,2215054.3052706085,16548.0,8066.52197265625
2025-10-15,2240497.7157222447,16585.900390625,8051.1748046875
2025-10-16,2293913.7595014176,16575.0,8124.7568359375
2025-10-17,2243485.5138834585,16561.900390625,7915.65576171875
2025-10-20,2321855.0575410025,16566.0,8088.97802734375
2025-10-21,2185372.508413191,16542.0,8238.083984375
2025-10-22,2169568.3131178324,16598.900390625,8152.55322265625
2025-10-23,2212061.82459809,16596.599609375,8274.3515625
2025-10-24,2207527.3082347494,16593.80078125,8271.7216796875
2025-10-27,2145037.664248433,16597.80078125,8117.15087890625
2025-10-28,2069211.7856800184,16158.2001953125,8092.62890625
2025-10-29,2130265.392136807,16561.779296875,8166.22412109375
2025-10-30,2138387.4542291765,16562.0,8184.06396484375
2025-10-31,2075119.3595576063,16150.0,8163.875
2025-11-03,2146151.3977526645,16630.0,8275.083984375
2025-11-04,2118934.7178635946,16640.900390625,8241.9111328125
2025-11-05,2144754.727553395,16707.0,8318.5263671875
2025-11-06,2138858.2956901956,16669.0,8337.0576171875
2025-11-07,2152169.415943976,16694.099609375,8394.58984375
2025-11-10,2206943.46295433,16653.0,8391.240234375
2025-11-11,2208788.1987633025,16690.0,8366.5146484375
2025-11-12,2261662.9612840638,16694.900390625,8388.56640625
2025-11-13,2256009.4683878017,16729.0,8371.9990234375
2025-11-14,2200746.828609082,16719.0,8370.435546875
2025-11-17,2184983.128908322,16679.5,8416.8818359375
2025-11-18,2188459.1264158874,16738.900390625,8361.92578125
2025-11-19,2195760.965392791,16727.69921875,8406.5771484375
2025-11-20,2178147.116180655,16686.69921875,8419.9169921875
2025-11-21,2194419.100744289,16731.0,8414.3515625
2025-11-24,2190216.3096612548,16639.0,8570.25390625
2025-11-25,2215515.9387207227,16645.0,8521.884765625
2025-11-26,2227461.779180172,16633.5,8602.1298828125
2025-11-27,2227461.779180172,16614.69921875,8545.865234375
2025-11-28,2271382.132255073,16603.900390625,8508.7060546875
2025-12-01,2286279.510375892,16635.0,8548.7880859375
2025-12-02,2253870.591928712,16609.0,8617.04296875
2025-12-03,2260240.9183313875,16609.900390625,8611.787109375
2025-12-04,2263679.0714871315,16594.0,8640.1962890625
2025-12-05,2271918.6219371413,16654.400390625,8632.7607421875
2025-12-08,2262249.9833908863,16683.0,8710.6953125
2025-12-09,2272581.428423952,16686.0,8657.1787109375
2025-12-10,2263152.206481485,16662.0,8700.923828125
2025-12-11,2307264.6808237014,16639.0,8620.4814453125
2025-12-12,2316840.980862031,16649.0,8660.4990234375
2025-12-15,2316924.6121260193,16623.099609375,8649.662109375
2025-12-16,2318536.4821797037,16645.80078125,8686.46875
2025-12-17,2340630.880961825,16644.599609375,8677.3447265625
2025-12-18,2337340.7012072597,16657.0,8618.1953125
2025-12-19,2353528.4219973283,16685.19921875,8609.55078125
2025-12-22,2396607.657377473,16678.5,8645.84375
2025-12-23,2427357.580747296,16756.400390625,8584.7822265625
2025-12-24,2422696.954730024,16735.0,8537.9111328125
2025-12-26,2452194.764695013,16753.099609375,8537.9111328125
2025-12-29,2337892.5811614213,16741.099609375,8644.255859375
2025-12-30,2364950.816615795,16770.0,8646.9384765625
2025-12-31,2332066.8584480295,16709.0,8646.9384765625
2026-01-02,2320181.793937479,16668.0,8748.1318359375
2026-01-05,2387653.3026829776,16683.0,8859.19140625
2026-01-06,2417964.603370599,16727.19921875,8933.609375
2026-01-07,2402018.2616104297,16742.0,8944.8134765625
2026-01-08,2402627.0475049536,16753.0,8925.470703125
2026-01-09,2431905.4116896912,16805.69921875,8936.75390625
2026-01-12,2496509.1443480738,16826.69921875,8884.72265625
2026-01-13,2492904.977991199,16859.400390625,8948.302734375
2026-01-14,2509971.658201152,16840.80078125,9032.583984375
2026-01-15,2504113.374826811,16845.099609375,9075.40625
2026-01-16,2493780.35291038,16878.900390625,9075.40625
2026-01-19,2493780.35291038,16876.599609375,9133.873046875
2026-01-20,2595459.767923274,16939.0,9134.7001953125
2026-01-21,2637789.376126531,16960.099609375,9010.330078125
2026-01-22,2669208.2289743065,16897.0,8992.1826171875
2026-01-23,2692898.1396034607,16820.0,8951.009765625
2026-01-26,2740319.417428907,16770.0,8975.333984375
2026-01-27,2734490.6532763094,16734.0,8980.23046875
2026-01-28,2843279.258120504,16674.69921875,8320.5556640625
2026-01-29,2859438.3925254066,16722.80078125,8232.203125
2026-01-30,2559670.669719334,16778.30078125,8329.6064453125
2026-02-02,2506796.189945968,16758.400390625,7922.73095703125
2026-02-03,2658951.7555173654,16758.400390625,8122.59716796875
2026-02-04,2667560.0471573235,16759.0,8146.716796875
2026-02-05,2640976.095937756,16800.0,8103.87890625
2026-02-06,2702542.3077267455,16879.900390625,7935.259765625
2026-02-09,2750650.963882745,16843.5,8031.8740234375
2026-02-10,2716757.7925313874,16796.0,8131.73779296875
2026-02-11,2750257.462986481,16778.0,8290.9658203125
2026-02-12,2671819.411093266,16793.900390625,8265.3515625
2026-02-13,2727128.889578092,16809.0,8212.271484375
2026-02-16,2727128.889578092,16826.099609375,8212.271484375
2026-02-18,2712234.314466218,16840.0,8310.2265625
2026-02-19,2717781.679628785,16915.30078125,8274.0810546875
2026-02-20,2758601.7284680605,16887.19921875,8271.7666015625
2026-02-23,2829806.122337143,16843.400390625,8396.08203125
2026-02-24,2796601.6317100767,16804.30078125,8280.8330078125
2026-02-25,2825661.6627550004,16816.80078125,8322.228515625
2026-02-26,2797171.3308603284,16749.80078125,8235.26171875
2026-02-27,2825954.48950618,16749.0,8235.4853515625
2026-03-02,2868112.065849075,16795.0,8016.8330078125
2026-03-03,2777853.18030301,16863.0,7939.76708984375
2026-03-04,2789611.309488253,16898.099609375,7577.06396484375
2026-03-05,2753782.654490501,16865.0,7710.537109375
2026-03-06,2805138.015278749,16913.099609375,7585.68701171875
2026-03-09,2776970.019713035,16923.69921875,7337.369140625
2026-03-10,2845920.949379441,16886.0,7440.9130859375
2026-03-11,2806057.030421114,16852.0,7389.39892578125
2026-03-12,2782452.2610749193,16884.0,7362.1171875
2026-03-13,2751562.586279478,16908.0,7137.2119140625
2026-03-16,2726310.414486234,16952.099609375,7022.2880859375
2026-03-17,2729741.565252275,16953.099609375,7106.8388671875
2026-03-18,2671560.634650873,16971.30078125,7106.8388671875
2026-03-25,2458448.376091487,16797.30078125,7302.12109375
2026-03-26,2356688.78097647,16749.599609375,7164.0908203125
2026-03-27,2444598.2767212694,16925.0,7097.05712890625
2026-03-30,2467629.3021685663,16958.0,7091.669921875
2026-03-31,2536527.1597480252,16975.400390625,7048.22216796875
2026-04-01,2620817.283394555,16936.400390625,7184.43798828125
2026-04-02,2546327.9774777885,16924.099609375,7026.7822265625
2026-04-03,2546327.9774777885,16959.0,7026.7822265625
2026-04-06,2558673.0405892823,16988.0,6989.42578125
2026-04-07,2562784.988609732,17015.30078125,6971.02685546875
2026-04-08,2615245.887818345,17027.400390625,7279.208984375
2026-04-09,2634189.0462488146,17005.5,7307.5888671875
2026-04-10,2625693.408590095,17059.0,7458.49609375
2026-04-13,2618402.8334990684,17083.0,7500.18701171875
2026-04-14,2663231.655561269,17079.19921875,7675.951171875
2026-04-15,2656403.493907564,17129.0,7623.5859375
2026-04-16,2650620.9077084647,17146.099609375,7621.3818359375
2026-04-17,2686301.9426163607,17123.0,7634.00390625
2026-04-20,2659888.0207600733,17133.0,7594.11083984375
2026-04-21,2598340.7603463815,17123.80078125,7559.3798828125
2026-04-22,2618149.804470859,17133.099609375,7541.61181640625
2026-04-23,2612260.292250068,17199.5,7378.60595703125
2026-04-24,2641344.3634226,17329.0,7129.490234375
2026-04-27,2602522.3389123213,17246.0,7106.52001953125
2026-04-28,2550780.867707814,17216.0,7072.39208984375
2026-04-29,2528927.80555243,17244.0,7101.22607421875
2026-04-30,2580108.682171392,17334.19921875,6956.80419921875
2026-05-01,2584948.301638079,17311.0,6956.80419921875
2026-05-04,2519779.242636354,17288.5,6971.953125
2026-05-05,2547819.735105675,17346.19921875,7057.10595703125
2026-05-06,2624557.956852972,17389.80078125,7092.466796875
2026-05-07,2619768.397802334,17296.900390625,7174.32080078125
2026-05-08,2630475.3052177383,17294.900390625,6969.39599609375
2026-05-11,2638956.322929393,17358.0,6905.6201171875
2026-05-12,2623804.732617762,17413.0,6858.89892578125
2026-05-13,2655581.5817364305,17549.0,6723.31982421875
2026-05-14,2636126.049545268,17500.0,6723.31982421875
2026-05-18,2577105.084636777,17586.0,6599.240234375
2026-05-19,2567323.762831404,17701.0,6370.67919921875
2026-05-20,2592120.6496995413,17777.0,6318.5
2026-05-21,2578915.0344628114,17658.400390625,6094.94091796875
2026-05-22,2572844.1447254727,17692.0,6162.044921875
2026-05-25,2572844.1447254727,17692.0,6206.34912109375
2026-05-26,2571088.4347697003,17762.0,6130.18994140625
2026-05-27,2531398.0830517868,17699.69921875,6130.18994140625
2026-05-29,2634401.916183066,17840.0,6127.380859375
2026-06-01,2581341.1230285075,17817.0,6127.380859375
2026-06-02,2595961.607390446,17864.0,6195.4267578125
2026-06-03,2564659.8760928735,17858.0,5941.06591796875
2026-06-04,2607710.3052861816,18004.19921875,5839.78515625
2026-06-05,2520010.3089062776,17955.5,5594.76513671875
2026-06-08,2529224.583707797,18029.0,5342.13720703125
2026-06-09,2506820.888078623,18190.30078125,5746.64794921875
2026-06-10,2396113.9028829653,18031.0,5902.3759765625
2026-06-11,2364410.8928908724,17875.900390625,5886.0322265625
2026-06-12,2442282.4215861456,17921.0,6007.65576171875
2026-06-15,2486428.7599642123,17772.0,6254.9658203125
2026-06-16,2480188.6819786155,17716.0,6254.9658203125
2026-06-17,2497539.5138346064,17730.0,6220.740234375
2026-06-18,2442278.0443625967,17891.0,6172.33984375
2026-06-19,2442278.0443625967,17794.400390625,6177.13916015625
2026-06-22,2403511.8579651406,17788.0,6116.68994140625
2026-06-23,2382901.6366538834,17862.0,6101.3330078125
2026-06-24,2309118.3202792187,17916.0,5883.880859375
2026-06-25,2341097.489248346,17990.0,5999.0380859375
2026-06-26,2369923.480809284,17995.0,5896.1337890625
2026-06-29,2315288.8021858972,17830.0,5820.7900390625
2026-06-30,2327394.4250647034,17925.0,5643.19384765625
2026-07-01,2354006.53458727,17935.0,5695.1162109375
2026-07-02,2387331.075770713,17998.0,5744.55615234375
2026-07-03,2387331.075770713,17787.900390625,5875.77978515625
2026-07-06,2411518.478627807,17998.0,5916.06982421875
2026-07-07,2412089.9139227197,18046.0,5986.4970703125
2026-07-08,2359781.627284334,17979.0,5873.3720703125
2026-07-09,2412975.917821497,18125.0,5912.44189453125
2026-07-10,2397184.112400182,18125.0,5924.35986328125
2026-07-13,2326521.7617927217,18065.0,6037.841796875
2026-07-14,2369711.955750119,18111.0,6039.52099609375
2026-07-15,2365281.5112952646,18157.0,6041.97216796875
2026-07-16,2319110.754846222,18068.80078125,6108.208984375
2026-07-17,2323793.749197802,17985.0,6175.53515625
2026-07-20,2315531.9770647297,17934.0,6231.77978515625
2026-07-21,2350022.5585199664,17931.0,6340.02001953125
2026-07-22,2390878.1696876204,17911.0,6334.47607421875
2026-07-23,2333095.392002395,17917.0,6315.31103515625
2026-07-24,2351505.9230406517,17967.0,6196.43017578125
2026-07-27,2353907.6309740064,17958.0,6185.783203125
2026-07-28,2344130.08884871,18053.0,6130.587890625
2026-07-29,2342737.144742365,18053.0,6091.38623046875
2026-07-30,2383195.128057207,18079.0,6186.36279296875
2026-07-31,2382069.191431933,18040.099609375,6236.1259765625
2026-08-03,2371170.929316636,18030.0,6234.4970703125
2026-08-04,2398264.008180666,17963.30078125,6319.61279296875
2026-08-05,2486353.9829407763,17963.0,6351.13916015625
2026-08-06,2470678.622836985,17873.0,6343.7109375
2026-08-07,2533715.8164977413,17912.0,6409.65380859375
2026-08-10,2528466.0978793586,17794.0,6365.3740234375
2026-08-11,2540280.413374776,17791.0,6267.8798828125
2026-08-12,2559833.6200106097,17822.0,6373.84912109375
2026-08-13,2537251.4172534593,17853.0,6301.76513671875
2026-08-14,2548378.3629216263,17863.0,6401.88818359375
2026-08-17,2564536.932577423,17830.0,6401.88818359375
2026-08-18,2533244.6875954475,17824.0,6449.830078125
2026-08-19,2596593.938932591,17768.5,6394.125
2026-08-20,2617162.636392533,17807.0,6501.5849609375
2026-08-21,2671855.40964479,17755.0,6525.68994140625
2026-08-24,2666569.857146553,17655.0,6501.6669921875
2026-08-25,2673692.2811327,17714.599609375,6501.6669921875
2026-08-26,2647295.000367975,17695.0,6405.68505859375
2026-08-27,2665828.347292105,17778.0,6521.75
2026-08-28,2584956.4636359,17749.0,6518.12109375
2026-08-31,2557337.389682833,17749.0,6525.47802734375
2026-09-01,2500422.0216314695,17689.900390625,6599.94287109375
2026-09-02,2511809.1983003793,17697.19921875,6595.77587890625
2026-09-03,2586867.907767238,17723.0,6667.89111328125
2026-09-04,2535701.3336713123,17618.099609375,6636.47509765625
2026-09-07,2535701.3336713123,17638.0,6619.6728515625
2026-09-08,2520954.1048435066,17664.0,6686.44189453125
2026-09-09,2522378.3508337084,17588.0,6678.201171875
2026-09-10,2479854.482030509,17501.0,6589.337890625
2026-09-11,2493101.1188511127,17588.099609375,6541.376953125
2026-09-14,2466731.8879971807,17630.0,6534.69287109375
2026-09-15,2456741.439242167,17636.0,6461.15283203125
